/*
 Navicat Premium Data Transfer

 Source Server         : 801物理机
 Source Server Type    : MySQL
 Source Server Version : 80022
 Source Host           : 127.0.0.1:3306
 Source Schema         : laboratory_cos

 Target Server Type    : MySQL
 Target Server Version : 80022
 File Encoding         : 65001

 Date: 28/03/2022 21:37:03
*/

SET NAMES utf8mb4;
SET FOREIGN_KEY_CHECKS = 0;

-- ----------------------------
-- Table structure for bulletin_info
-- ----------------------------
DROP TABLE IF EXISTS `bulletin_info`;
CREATE TABLE `bulletin_info`  (
  `id` int(0) NOT NULL AUTO_INCREMENT COMMENT '主键',
  `title` varchar(300) CHARACTER SET utf8mb4 COLLATE utf8mb4_0900_ai_ci NULL DEFAULT NULL COMMENT '标题',
  `content` text CHARACTER SET utf8mb4 COLLATE utf8mb4_0900_ai_ci NULL COMMENT '内容',
  `date` datetime(0) NULL DEFAULT NULL COMMENT '公告时间',
  `images` text CHARACTER SET utf8mb4 COLLATE utf8mb4_0900_ai_ci NULL COMMENT '图册',
  `publisher` varchar(100) CHARACTER SET utf8mb4 COLLATE utf8mb4_0900_ai_ci NULL DEFAULT NULL COMMENT '发布人',
  PRIMARY KEY (`id`) USING BTREE
) ENGINE = InnoDB AUTO_INCREMENT = 5 CHARACTER SET = utf8mb4 COLLATE = utf8mb4_0900_ai_ci COMMENT = '公告信息' ROW_FORMAT = Dynamic;

-- ----------------------------
-- Records of bulletin_info
-- ----------------------------
INSERT INTO `bulletin_info` VALUES (1, '小日本计划用核污染土铺路种菜', '福岛第一核电站的地势西高东低，东部朝向太平洋，为防止地下水继续流入核电站所在建筑物的地下而导致核污水增加，东电公司将1568根冻结管以1米的间距插入地下30米深处，注入冷冻材料，并利用冷冻机使其冷却到零下30摄氏度，从而将周围地基冻住，形成一道冻土屏障', '2022-03-05 10:45:41', '孙笑川.jpg', '管理员');
INSERT INTO `bulletin_info` VALUES (2, '小米高层再变动 卢伟冰卸任小米之家关联公司法人', '值得一提的是，这并不是小米集团近期首次发生高层人事变动。今年1月底，小米内部宣布集团副总裁常程因个人原因离职，小米手机产品部总经理将由手机部总裁曾学忠兼任。值得一提的是，这并不是小米集团近期首次发生高层人事变动。今年1月底，小米内部宣布集团副总裁常程因个人原因离职，小米手机产品部总经理将由手机部总裁曾学忠兼任。', '2022-03-05 10:55:19', NULL, '管理员');
INSERT INTO `bulletin_info` VALUES (4, '🐏Epic🐏', ' 本周 Epic 商店《大蜈蚣：充能版》《黑寡妇：充能版》《Epic Slayer Kit》迎来限免。', '2022-03-06 10:53:09', NULL, '管理员');
INSERT INTO `bulletin_info` VALUES (5, '苹果正式官宣 2022 春季发布会时间', '时间：3/8 10:00 a.m. PDT（北京时间 3/9 2:00 a.m.）首先依然逃不开 Mark Gurman 的爆料和预测，他表示本次发布会有望带来 iPhone SE 3 5G、iPad Air 5 以及 M2 Mac。我认为比较大的两个悬念就是，iPhone SE 3 是否继续采用老模具，以及 M2 Mac mini 是否会发布', '2022-03-06 10:54:07', NULL, '管理员');

-- ----------------------------
-- Table structure for combo_info
-- ----------------------------
DROP TABLE IF EXISTS `combo_info`;
CREATE TABLE `combo_info`  (
  `id` int(0) NOT NULL AUTO_INCREMENT COMMENT '主键',
  `code` varchar(64) CHARACTER SET utf8mb4 COLLATE utf8mb4_0900_ai_ci NULL DEFAULT NULL COMMENT '套餐编号',
  `name` varchar(200) CHARACTER SET utf8mb4 COLLATE utf8mb4_0900_ai_ci NULL DEFAULT NULL COMMENT '实验套餐名称',
  `content` varchar(300) CHARACTER SET utf8mb4 COLLATE utf8mb4_0900_ai_ci NULL DEFAULT NULL COMMENT '备注',
  `create_date` datetime(0) NULL DEFAULT NULL COMMENT '创建时间',
  PRIMARY KEY (`id`) USING BTREE
) ENGINE = InnoDB AUTO_INCREMENT = 1 CHARACTER SET = utf8mb4 COLLATE = utf8mb4_0900_ai_ci COMMENT = '实验套餐管理' ROW_FORMAT = Dynamic;

-- ----------------------------
-- Records of combo_info
-- ----------------------------
INSERT INTO `combo_info` VALUES (1, 'COMBO-16464646455', '碳酸实验', '碳酸实验 可乐两大桶 汉堡一个', '2022-03-22 18:32:01');

-- ----------------------------
-- Table structure for consumable_type
-- ----------------------------
DROP TABLE IF EXISTS `consumable_type`;
CREATE TABLE `consumable_type`  (
  `id` int(0) NOT NULL AUTO_INCREMENT COMMENT '主键',
  `name` varchar(200) CHARACTER SET utf8mb4 COLLATE utf8mb4_0900_ai_ci NULL DEFAULT NULL COMMENT '耗材类别名称',
  `content` varchar(500) CHARACTER SET utf8mb4 COLLATE utf8mb4_0900_ai_ci NULL DEFAULT NULL COMMENT '备注',
  `create_date` datetime(0) NULL DEFAULT NULL COMMENT '创建时间',
  PRIMARY KEY (`id`) USING BTREE
) ENGINE = InnoDB AUTO_INCREMENT = 7 CHARACTER SET = utf8mb4 COLLATE = utf8mb4_0900_ai_ci COMMENT = '耗材类型' ROW_FORMAT = Dynamic;

-- ----------------------------
-- Records of consumable_type
-- ----------------------------
INSERT INTO `consumable_type` VALUES (1, '剂类耗材', '剂类耗材', '2022-03-21 10:15:39');
INSERT INTO `consumable_type` VALUES (2, '非试剂类耗材', '非试剂类耗材', '2022-03-21 10:16:37');
INSERT INTO `consumable_type` VALUES (3, '实验设备', '实验设备', '2022-03-21 10:17:18');
INSERT INTO `consumable_type` VALUES (4, '分析仪器', '分析仪器', '2022-03-21 10:17:36');
INSERT INTO `consumable_type` VALUES (5, '玻璃仪器', '玻璃仪器', '2022-03-21 10:18:36');
INSERT INTO `consumable_type` VALUES (6, '日常使用', '日常使用', '2022-03-21 10:18:53');
INSERT INTO `consumable_type` VALUES (7, '电子仪器', '电子仪器', '2022-03-21 10:19:09');

-- ----------------------------
-- Table structure for goods_belong
-- ----------------------------
DROP TABLE IF EXISTS `goods_belong`;
CREATE TABLE `goods_belong`  (
  `id` int(0) NOT NULL AUTO_INCREMENT COMMENT '主键',
  `name` varchar(200) CHARACTER SET utf8mb4 COLLATE utf8mb4_0900_ai_ci NULL DEFAULT NULL COMMENT '物品名称',
  `type` varchar(200) CHARACTER SET utf8mb4 COLLATE utf8mb4_0900_ai_ci NULL DEFAULT NULL COMMENT '型号',
  `unit` varchar(30) CHARACTER SET utf8mb4 COLLATE utf8mb4_0900_ai_ci NULL DEFAULT NULL COMMENT '单位',
  `amount` int(0) NULL DEFAULT NULL COMMENT '数量',
  `type_id` int(0) NULL DEFAULT NULL COMMENT '耗材类型',
  `num` varchar(200) CHARACTER SET utf8mb4 COLLATE utf8mb4_0900_ai_ci NULL DEFAULT NULL COMMENT '申请/入库单号',
  `price` decimal(10, 2) NULL DEFAULT NULL COMMENT '单价',
  `create_date` datetime(0) NULL DEFAULT NULL COMMENT '日期 ',
  PRIMARY KEY (`id`) USING BTREE
) ENGINE = InnoDB AUTO_INCREMENT = 26 CHARACTER SET = utf8mb4 COLLATE = utf8mb4_0900_ai_ci COMMENT = '物品所属' ROW_FORMAT = Dynamic;

-- ----------------------------
-- Records of goods_belong
-- ----------------------------
INSERT INTO `goods_belong` VALUES (1, '卫生纸', '超韧', '卷', 5, 6, 'PUT-1647860416128', 2.00, '2022-03-21 19:00:16');
INSERT INTO `goods_belong` VALUES (2, '可口可乐', '300ml', '罐', 6, 1, 'PUT-1647860416128', 3.00, '2022-03-21 19:00:16');
INSERT INTO `goods_belong` VALUES (3, '可口可乐', '300ml', '罐', 10, 1, 'RUR-1647868056401', 3.00, '2022-03-21 21:07:36');
INSERT INTO `goods_belong` VALUES (4, '三层皇堡', '汉堡王', '个', 1, 6, 'RUR-1647868056401', 49.00, '2022-03-21 21:07:36');
INSERT INTO `goods_belong` VALUES (5, '可口可乐', '300ml', '罐', 10, 1, 'PUT-1647872344998', 3.00, '2022-03-21 22:19:05');
INSERT INTO `goods_belong` VALUES (6, '三层皇堡', '汉堡王', '个', 1, 6, 'PUT-1647872344998', 49.00, '2022-03-21 22:19:05');
INSERT INTO `goods_belong` VALUES (7, '卫生纸', '超韧', '卷', 2, 6, 'OUT-1647923561360', 2.00, '2022-03-22 12:32:41');
INSERT INTO `goods_belong` VALUES (8, '可口可乐', '300ml', '罐', 2, 1, 'OUT-1647923561360', 3.00, '2022-03-22 12:32:41');
INSERT INTO `goods_belong` VALUES (9, '卫生纸', '超韧', '卷', 1, 6, 'OUT-1647923778850', 2.00, '2022-03-22 12:36:18');
INSERT INTO `goods_belong` VALUES (10, '可口可乐', '300ml', '罐', 1, 1, 'OUT-1647923778850', 3.00, '2022-03-22 12:36:18');
INSERT INTO `goods_belong` VALUES (11, '卫生纸', '超韧', '卷', 1, 6, 'OUT-1647925932291', 2.00, '2022-03-22 13:12:12');
INSERT INTO `goods_belong` VALUES (12, '可口可乐', '300ml', '罐', 1, 1, 'OUT-1647925932291', 3.00, '2022-03-22 13:12:12');
INSERT INTO `goods_belong` VALUES (13, '三层皇堡', '汉堡王', '个', 1, 6, 'OUT-1647925955976', 49.00, '2022-03-22 13:12:36');
INSERT INTO `goods_belong` VALUES (16, '可口可乐', '300ml', '瓶', 2, 1, 'COMBO-16464646455', 8.00, '2022-03-22 18:58:53');
INSERT INTO `goods_belong` VALUES (17, '汉堡', '汉堡王', '个', 1, 6, 'COMBO-16464646455', 32.00, '2022-03-22 18:58:53');
INSERT INTO `goods_belong` VALUES (18, '大薯条', '汉堡王', '个', 1, 6, 'COMBO-16464646455', 18.00, '2022-03-22 18:58:53');
INSERT INTO `goods_belong` VALUES (19, '自攻钉', '', '盒', 5, 3, 'REQ-1647996946171', 35.00, '2022-03-23 08:55:46');
INSERT INTO `goods_belong` VALUES (20, '墙砖', '40*20', '块', 104, 1, 'REQ-1647996946171', 20.00, '2022-03-23 08:55:46');
INSERT INTO `goods_belong` VALUES (21, '油漆', '', '桶', 2, 1, 'REQ-1647996946171', 85.00, '2022-03-23 08:55:46');
INSERT INTO `goods_belong` VALUES (22, '可口可乐', '300ml', '罐', 1, 1, 'REQ-1648003352384', 3.00, '2022-03-23 10:42:32');
INSERT INTO `goods_belong` VALUES (23, '可口可乐', '300ml', '罐', 1, 1, 'OUT-1648004192010', 3.00, '2022-03-23 10:56:32');
INSERT INTO `goods_belong` VALUES (24, '华硕3080ti', 'GeForce RTX 3080Ti', '块', 3, 7, 'PUT-1648009157208', 8999.00, '2022-03-23 12:19:17');
INSERT INTO `goods_belong` VALUES (25, 'i9 9900k', '英特尔® 酷睿™ i9-9900K 处理器 ', '颗', 3, 7, 'PUT-1648009157208', 5400.00, '2022-03-23 12:19:17');
INSERT INTO `goods_belong` VALUES (26, '卫生纸', '', '卷', 2, 2, 'REQ-1648024407638', 2.00, '2022-03-23 16:33:27');

-- ----------------------------
-- Table structure for goods_request
-- ----------------------------
DROP TABLE IF EXISTS `goods_request`;
CREATE TABLE `goods_request`  (
  `id` int(0) NOT NULL AUTO_INCREMENT COMMENT '主键',
  `num` varchar(200) CHARACTER SET utf8mb4 COLLATE utf8mb4_0900_ai_ci NULL DEFAULT NULL COMMENT '申请单号',
  `user_id` int(0) NULL DEFAULT NULL COMMENT '申请人',
  `content` varchar(300) CHARACTER SET utf8mb4 COLLATE utf8mb4_0900_ai_ci NULL DEFAULT NULL COMMENT '申请说明',
  `process` tinyint(0) NULL DEFAULT NULL COMMENT '申请流程 0是正在审核 1是审核通过 2驳回',
  `step` tinyint(0) NULL DEFAULT NULL COMMENT '当前流程',
  `create_date` datetime(0) NULL DEFAULT NULL COMMENT '创建时间',
  PRIMARY KEY (`id`) USING BTREE
) ENGINE = InnoDB AUTO_INCREMENT = 3 CHARACTER SET = utf8mb4 COLLATE = utf8mb4_0900_ai_ci COMMENT = '耗材申请' ROW_FORMAT = Dynamic;

-- ----------------------------
-- Records of goods_request
-- ----------------------------
INSERT INTO `goods_request` VALUES (1, 'REQ-1647996946171', 2, '实验准备', NULL, 2, '2022-03-23 08:55:46');
INSERT INTO `goods_request` VALUES (2, 'REQ-1648003352384', 2, '喝可乐', NULL, 1, '2022-03-23 10:42:32');
INSERT INTO `goods_request` VALUES (3, 'REQ-1648024407638', 2, '需要卫生纸', NULL, 0, '2022-03-23 16:33:27');

-- ----------------------------
-- Table structure for qrtz_blob_triggers
-- ----------------------------
DROP TABLE IF EXISTS `qrtz_blob_triggers`;
CREATE TABLE `qrtz_blob_triggers`  (
  `SCHED_NAME` varchar(120) CHARACTER SET utf8mb4 COLLATE utf8mb4_0900_ai_ci NOT NULL,
  `TRIGGER_NAME` varchar(200) CHARACTER SET utf8mb4 COLLATE utf8mb4_0900_ai_ci NOT NULL,
  `TRIGGER_GROUP` varchar(200) CHARACTER SET utf8mb4 COLLATE utf8mb4_0900_ai_ci NOT NULL,
  `BLOB_DATA` blob NULL,
  PRIMARY KEY (`SCHED_NAME`, `TRIGGER_NAME`, `TRIGGER_GROUP`) USING BTREE,
  CONSTRAINT `qrtz_blob_triggers_ibfk_1` FOREIGN KEY (`SCHED_NAME`, `TRIGGER_NAME`, `TRIGGER_GROUP`) REFERENCES `qrtz_triggers` (`SCHED_NAME`, `TRIGGER_NAME`, `TRIGGER_GROUP`) ON DELETE RESTRICT ON UPDATE RESTRICT
) ENGINE = InnoDB CHARACTER SET = utf8mb4 COLLATE = utf8mb4_0900_ai_ci ROW_FORMAT = Dynamic;

-- ----------------------------
-- Table structure for qrtz_calendars
-- ----------------------------
DROP TABLE IF EXISTS `qrtz_calendars`;
CREATE TABLE `qrtz_calendars`  (
  `SCHED_NAME` varchar(120) CHARACTER SET utf8mb4 COLLATE utf8mb4_0900_ai_ci NOT NULL,
  `CALENDAR_NAME` varchar(200) CHARACTER SET utf8mb4 COLLATE utf8mb4_0900_ai_ci NOT NULL,
  `CALENDAR` blob NOT NULL,
  PRIMARY KEY (`SCHED_NAME`, `CALENDAR_NAME`) USING BTREE
) ENGINE = InnoDB CHARACTER SET = utf8mb4 COLLATE = utf8mb4_0900_ai_ci ROW_FORMAT = Dynamic;

-- ----------------------------
-- Table structure for qrtz_cron_triggers
-- ----------------------------
DROP TABLE IF EXISTS `qrtz_cron_triggers`;
CREATE TABLE `qrtz_cron_triggers`  (
  `SCHED_NAME` varchar(120) CHARACTER SET utf8mb4 COLLATE utf8mb4_0900_ai_ci NOT NULL,
  `TRIGGER_NAME` varchar(200) CHARACTER SET utf8mb4 COLLATE utf8mb4_0900_ai_ci NOT NULL,
  `TRIGGER_GROUP` varchar(200) CHARACTER SET utf8mb4 COLLATE utf8mb4_0900_ai_ci NOT NULL,
  `CRON_EXPRESSION` varchar(200) CHARACTER SET utf8mb4 COLLATE utf8mb4_0900_ai_ci NOT NULL,
  `TIME_ZONE_ID` varchar(80) CHARACTER SET utf8mb4 COLLATE utf8mb4_0900_ai_ci NULL DEFAULT NULL,
  PRIMARY KEY (`SCHED_NAME`, `TRIGGER_NAME`, `TRIGGER_GROUP`) USING BTREE,
  CONSTRAINT `qrtz_cron_triggers_ibfk_1` FOREIGN KEY (`SCHED_NAME`, `TRIGGER_NAME`, `TRIGGER_GROUP`) REFERENCES `qrtz_triggers` (`SCHED_NAME`, `TRIGGER_NAME`, `TRIGGER_GROUP`) ON DELETE RESTRICT ON UPDATE RESTRICT
) ENGINE = InnoDB CHARACTER SET = utf8mb4 COLLATE = utf8mb4_0900_ai_ci ROW_FORMAT = Dynamic;

-- ----------------------------
-- Records of qrtz_cron_triggers
-- ----------------------------
INSERT INTO `qrtz_cron_triggers` VALUES ('MyScheduler', 'TASK_1', 'DEFAULT', '0/1 * * * * ?1', 'Asia/Shanghai');
INSERT INTO `qrtz_cron_triggers` VALUES ('MyScheduler', 'TASK_11', 'DEFAULT', '0/5 * * * * ?', 'Asia/Shanghai');
INSERT INTO `qrtz_cron_triggers` VALUES ('MyScheduler', 'TASK_2', 'DEFAULT', '0/10 * * * * ?', 'Asia/Shanghai');
INSERT INTO `qrtz_cron_triggers` VALUES ('MyScheduler', 'TASK_3', 'DEFAULT', '0/1 * * * * ?', 'Asia/Shanghai');

-- ----------------------------
-- Table structure for qrtz_fired_triggers
-- ----------------------------
DROP TABLE IF EXISTS `qrtz_fired_triggers`;
CREATE TABLE `qrtz_fired_triggers`  (
  `SCHED_NAME` varchar(120) CHARACTER SET utf8mb4 COLLATE utf8mb4_0900_ai_ci NOT NULL,
  `ENTRY_ID` varchar(95) CHARACTER SET utf8mb4 COLLATE utf8mb4_0900_ai_ci NOT NULL,
  `TRIGGER_NAME` varchar(200) CHARACTER SET utf8mb4 COLLATE utf8mb4_0900_ai_ci NOT NULL,
  `TRIGGER_GROUP` varchar(200) CHARACTER SET utf8mb4 COLLATE utf8mb4_0900_ai_ci NOT NULL,
  `INSTANCE_NAME` varchar(200) CHARACTER SET utf8mb4 COLLATE utf8mb4_0900_ai_ci NOT NULL,
  `FIRED_TIME` bigint(0) NOT NULL,
  `SCHED_TIME` bigint(0) NOT NULL,
  `PRIORITY` int(0) NOT NULL,
  `STATE` varchar(16) CHARACTER SET utf8mb4 COLLATE utf8mb4_0900_ai_ci NOT NULL,
  `JOB_NAME` varchar(200) CHARACTER SET utf8mb4 COLLATE utf8mb4_0900_ai_ci NULL DEFAULT NULL,
  `JOB_GROUP` varchar(200) CHARACTER SET utf8mb4 COLLATE utf8mb4_0900_ai_ci NULL DEFAULT NULL,
  `IS_NONCONCURRENT` varchar(1) CHARACTER SET utf8mb4 COLLATE utf8mb4_0900_ai_ci NULL DEFAULT NULL,
  `REQUESTS_RECOVERY` varchar(1) CHARACTER SET utf8mb4 COLLATE utf8mb4_0900_ai_ci NULL DEFAULT NULL,
  PRIMARY KEY (`SCHED_NAME`, `ENTRY_ID`) USING BTREE
) ENGINE = InnoDB CHARACTER SET = utf8mb4 COLLATE = utf8mb4_0900_ai_ci ROW_FORMAT = Dynamic;

-- ----------------------------
-- Table structure for qrtz_job_details
-- ----------------------------
DROP TABLE IF EXISTS `qrtz_job_details`;
CREATE TABLE `qrtz_job_details`  (
  `SCHED_NAME` varchar(120) CHARACTER SET utf8mb4 COLLATE utf8mb4_0900_ai_ci NOT NULL,
  `JOB_NAME` varchar(200) CHARACTER SET utf8mb4 COLLATE utf8mb4_0900_ai_ci NOT NULL,
  `JOB_GROUP` varchar(200) CHARACTER SET utf8mb4 COLLATE utf8mb4_0900_ai_ci NOT NULL,
  `DESCRIPTION` varchar(250) CHARACTER SET utf8mb4 COLLATE utf8mb4_0900_ai_ci NULL DEFAULT NULL,
  `JOB_CLASS_NAME` varchar(250) CHARACTER SET utf8mb4 COLLATE utf8mb4_0900_ai_ci NOT NULL,
  `IS_DURABLE` varchar(1) CHARACTER SET utf8mb4 COLLATE utf8mb4_0900_ai_ci NOT NULL,
  `IS_NONCONCURRENT` varchar(1) CHARACTER SET utf8mb4 COLLATE utf8mb4_0900_ai_ci NOT NULL,
  `IS_UPDATE_DATA` varchar(1) CHARACTER SET utf8mb4 COLLATE utf8mb4_0900_ai_ci NOT NULL,
  `REQUESTS_RECOVERY` varchar(1) CHARACTER SET utf8mb4 COLLATE utf8mb4_0900_ai_ci NOT NULL,
  `JOB_DATA` blob NULL,
  PRIMARY KEY (`SCHED_NAME`, `JOB_NAME`, `JOB_GROUP`) USING BTREE
) ENGINE = InnoDB CHARACTER SET = utf8mb4 COLLATE = utf8mb4_0900_ai_ci ROW_FORMAT = Dynamic;

-- ----------------------------
-- Records of qrtz_job_details
-- ----------------------------
INSERT INTO `qrtz_job_details` VALUES ('MyScheduler', 'TASK_1', 'DEFAULT', NULL, 'cc.mrbird.febs.job.util.ScheduleJob', '0', '0', '0', '0', 0xACED0005737200156F72672E71756172747A2E4A6F62446174614D61709FB083E8BFA9B0CB020000787200266F72672E71756172747A2E7574696C732E537472696E674B65794469727479466C61674D61708208E8C3FBC55D280200015A0013616C6C6F77735472616E7369656E74446174617872001D6F72672E71756172747A2E7574696C732E4469727479466C61674D617013E62EAD28760ACE0200025A000564697274794C00036D617074000F4C6A6176612F7574696C2F4D61703B787001737200116A6176612E7574696C2E486173684D61700507DAC1C31660D103000246000A6C6F6164466163746F724900097468726573686F6C6478703F4000000000000C7708000000100000000174000D4A4F425F504152414D5F4B45597372001D63632E6D72626972642E666562732E6A6F622E646F6D61696E2E4A6F62058D52AC1093A3040200084C00086265616E4E616D657400124C6A6176612F6C616E672F537472696E673B4C000A63726561746554696D657400104C6A6176612F7574696C2F446174653B4C000E63726F6E45787072657373696F6E71007E00094C00056A6F6249647400104C6A6176612F6C616E672F4C6F6E673B4C000A6D6574686F644E616D6571007E00094C0006706172616D7371007E00094C000672656D61726B71007E00094C000673746174757371007E00097870740008746573745461736B7372000E6A6176612E7574696C2E44617465686A81014B5974190300007870770800000161C6EB70707874000E302F31202A202A202A202A203F317372000E6A6176612E6C616E672E4C6F6E673B8BE490CC8F23DF0200014A000576616C7565787200106A6176612E6C616E672E4E756D62657286AC951D0B94E08B02000078700000000000000001740004746573747400066D7262697264740018E69C89E58F82E4BBBBE58AA1E8B083E5BAA6E6B58BE8AF95740001317800);
INSERT INTO `qrtz_job_details` VALUES ('MyScheduler', 'TASK_11', 'DEFAULT', NULL, 'cc.mrbird.febs.job.util.ScheduleJob', '0', '0', '0', '0', 0xACED0005737200156F72672E71756172747A2E4A6F62446174614D61709FB083E8BFA9B0CB020000787200266F72672E71756172747A2E7574696C732E537472696E674B65794469727479466C61674D61708208E8C3FBC55D280200015A0013616C6C6F77735472616E7369656E74446174617872001D6F72672E71756172747A2E7574696C732E4469727479466C61674D617013E62EAD28760ACE0200025A000564697274794C00036D617074000F4C6A6176612F7574696C2F4D61703B787001737200116A6176612E7574696C2E486173684D61700507DAC1C31660D103000246000A6C6F6164466163746F724900097468726573686F6C6478703F4000000000000C7708000000100000000174000D4A4F425F504152414D5F4B45597372001D63632E6D72626972642E666562732E6A6F622E646F6D61696E2E4A6F62058D52AC1093A3040200084C00086265616E4E616D657400124C6A6176612F6C616E672F537472696E673B4C000A63726561746554696D657400104C6A6176612F7574696C2F446174653B4C000E63726F6E45787072657373696F6E71007E00094C00056A6F6249647400104C6A6176612F6C616E672F4C6F6E673B4C000A6D6574686F644E616D6571007E00094C0006706172616D7371007E00094C000672656D61726B71007E00094C000673746174757371007E00097870740008746573745461736B7372000E6A6176612E7574696C2E44617465686A81014B5974190300007870770800000161D01BAC507874000D302F35202A202A202A202A203F7372000E6A6176612E6C616E672E4C6F6E673B8BE490CC8F23DF0200014A000576616C7565787200106A6176612E6C616E672E4E756D62657286AC951D0B94E08B0200007870000000000000000B74000574657374327074000CE6B58BE8AF95E5BC82E5B8B8740001317800);
INSERT INTO `qrtz_job_details` VALUES ('MyScheduler', 'TASK_2', 'DEFAULT', NULL, 'cc.mrbird.febs.job.util.ScheduleJob', '0', '0', '0', '0', 0xACED0005737200156F72672E71756172747A2E4A6F62446174614D61709FB083E8BFA9B0CB020000787200266F72672E71756172747A2E7574696C732E537472696E674B65794469727479466C61674D61708208E8C3FBC55D280200015A0013616C6C6F77735472616E7369656E74446174617872001D6F72672E71756172747A2E7574696C732E4469727479466C61674D617013E62EAD28760ACE0200025A000564697274794C00036D617074000F4C6A6176612F7574696C2F4D61703B787001737200116A6176612E7574696C2E486173684D61700507DAC1C31660D103000246000A6C6F6164466163746F724900097468726573686F6C6478703F4000000000000C7708000000100000000174000D4A4F425F504152414D5F4B45597372001D63632E6D72626972642E666562732E6A6F622E646F6D61696E2E4A6F62058D52AC1093A3040200084C00086265616E4E616D657400124C6A6176612F6C616E672F537472696E673B4C000A63726561746554696D657400104C6A6176612F7574696C2F446174653B4C000E63726F6E45787072657373696F6E71007E00094C00056A6F6249647400104C6A6176612F6C616E672F4C6F6E673B4C000A6D6574686F644E616D6571007E00094C0006706172616D7371007E00094C000672656D61726B71007E00094C000673746174757371007E00097870740008746573745461736B7372000E6A6176612E7574696C2E44617465686A81014B5974190300007870770800000161C71032987874000E302F3130202A202A202A202A203F7372000E6A6176612E6C616E672E4C6F6E673B8BE490CC8F23DF0200014A000576616C7565787200106A6176612E6C616E672E4E756D62657286AC951D0B94E08B02000078700000000000000002740005746573743170740018E697A0E58F82E4BBBBE58AA1E8B083E5BAA6E6B58BE8AF95740001317800);
INSERT INTO `qrtz_job_details` VALUES ('MyScheduler', 'TASK_3', 'DEFAULT', NULL, 'cc.mrbird.febs.job.util.ScheduleJob', '0', '0', '0', '0', 0xACED0005737200156F72672E71756172747A2E4A6F62446174614D61709FB083E8BFA9B0CB020000787200266F72672E71756172747A2E7574696C732E537472696E674B65794469727479466C61674D61708208E8C3FBC55D280200015A0013616C6C6F77735472616E7369656E74446174617872001D6F72672E71756172747A2E7574696C732E4469727479466C61674D617013E62EAD28760ACE0200025A000564697274794C00036D617074000F4C6A6176612F7574696C2F4D61703B787001737200116A6176612E7574696C2E486173684D61700507DAC1C31660D103000246000A6C6F6164466163746F724900097468726573686F6C6478703F4000000000000C7708000000100000000174000D4A4F425F504152414D5F4B45597372001D63632E6D72626972642E666562732E6A6F622E646F6D61696E2E4A6F62058D52AC1093A3040200084C00086265616E4E616D657400124C6A6176612F6C616E672F537472696E673B4C000A63726561746554696D657400104C6A6176612F7574696C2F446174653B4C000E63726F6E45787072657373696F6E71007E00094C00056A6F6249647400104C6A6176612F6C616E672F4C6F6E673B4C000A6D6574686F644E616D6571007E00094C0006706172616D7371007E00094C000672656D61726B71007E00094C000673746174757371007E00097870740008746573745461736B7372000E6A6176612E7574696C2E44617465686A81014B5974190300007870770800000161CFB9A6907874000D302F31202A202A202A202A203F7372000E6A6176612E6C616E672E4C6F6E673B8BE490CC8F23DF0200014A000576616C7565787200106A6176612E6C616E672E4E756D62657286AC951D0B94E08B020000787000000000000000037400047465737474000B68656C6C6F20776F726C6474002BE69C89E58F82E4BBBBE58AA1E8B083E5BAA6E6B58BE8AF952CE6AF8FE99A94E4B880E7A792E8A7A6E58F91740001317800);

-- ----------------------------
-- Table structure for qrtz_locks
-- ----------------------------
DROP TABLE IF EXISTS `qrtz_locks`;
CREATE TABLE `qrtz_locks`  (
  `SCHED_NAME` varchar(120) CHARACTER SET utf8mb4 COLLATE utf8mb4_0900_ai_ci NOT NULL,
  `LOCK_NAME` varchar(40) CHARACTER SET utf8mb4 COLLATE utf8mb4_0900_ai_ci NOT NULL,
  PRIMARY KEY (`SCHED_NAME`, `LOCK_NAME`) USING BTREE
) ENGINE = InnoDB CHARACTER SET = utf8mb4 COLLATE = utf8mb4_0900_ai_ci ROW_FORMAT = Dynamic;

-- ----------------------------
-- Records of qrtz_locks
-- ----------------------------
INSERT INTO `qrtz_locks` VALUES ('MyScheduler', 'STATE_ACCESS');
INSERT INTO `qrtz_locks` VALUES ('MyScheduler', 'TRIGGER_ACCESS');

-- ----------------------------
-- Table structure for qrtz_paused_trigger_grps
-- ----------------------------
DROP TABLE IF EXISTS `qrtz_paused_trigger_grps`;
CREATE TABLE `qrtz_paused_trigger_grps`  (
  `SCHED_NAME` varchar(120) CHARACTER SET utf8mb4 COLLATE utf8mb4_0900_ai_ci NOT NULL,
  `TRIGGER_GROUP` varchar(200) CHARACTER SET utf8mb4 COLLATE utf8mb4_0900_ai_ci NOT NULL,
  PRIMARY KEY (`SCHED_NAME`, `TRIGGER_GROUP`) USING BTREE
) ENGINE = InnoDB CHARACTER SET = utf8mb4 COLLATE = utf8mb4_0900_ai_ci ROW_FORMAT = Dynamic;

-- ----------------------------
-- Table structure for qrtz_scheduler_state
-- ----------------------------
DROP TABLE IF EXISTS `qrtz_scheduler_state`;
CREATE TABLE `qrtz_scheduler_state`  (
  `SCHED_NAME` varchar(120) CHARACTER SET utf8mb4 COLLATE utf8mb4_0900_ai_ci NOT NULL,
  `INSTANCE_NAME` varchar(200) CHARACTER SET utf8mb4 COLLATE utf8mb4_0900_ai_ci NOT NULL,
  `LAST_CHECKIN_TIME` bigint(0) NOT NULL,
  `CHECKIN_INTERVAL` bigint(0) NOT NULL,
  PRIMARY KEY (`SCHED_NAME`, `INSTANCE_NAME`) USING BTREE
) ENGINE = InnoDB CHARACTER SET = utf8mb4 COLLATE = utf8mb4_0900_ai_ci ROW_FORMAT = Dynamic;

-- ----------------------------
-- Records of qrtz_scheduler_state
-- ----------------------------
INSERT INTO `qrtz_scheduler_state` VALUES ('MyScheduler', 'WIN-ETS2DEK9JHC1648474255534', 1648474619249, 15000);

-- ----------------------------
-- Table structure for qrtz_simple_triggers
-- ----------------------------
DROP TABLE IF EXISTS `qrtz_simple_triggers`;
CREATE TABLE `qrtz_simple_triggers`  (
  `SCHED_NAME` varchar(120) CHARACTER SET utf8mb4 COLLATE utf8mb4_0900_ai_ci NOT NULL,
  `TRIGGER_NAME` varchar(200) CHARACTER SET utf8mb4 COLLATE utf8mb4_0900_ai_ci NOT NULL,
  `TRIGGER_GROUP` varchar(200) CHARACTER SET utf8mb4 COLLATE utf8mb4_0900_ai_ci NOT NULL,
  `REPEAT_COUNT` bigint(0) NOT NULL,
  `REPEAT_INTERVAL` bigint(0) NOT NULL,
  `TIMES_TRIGGERED` bigint(0) NOT NULL,
  PRIMARY KEY (`SCHED_NAME`, `TRIGGER_NAME`, `TRIGGER_GROUP`) USING BTREE,
  CONSTRAINT `qrtz_simple_triggers_ibfk_1` FOREIGN KEY (`SCHED_NAME`, `TRIGGER_NAME`, `TRIGGER_GROUP`) REFERENCES `qrtz_triggers` (`SCHED_NAME`, `TRIGGER_NAME`, `TRIGGER_GROUP`) ON DELETE RESTRICT ON UPDATE RESTRICT
) ENGINE = InnoDB CHARACTER SET = utf8mb4 COLLATE = utf8mb4_0900_ai_ci ROW_FORMAT = Dynamic;

-- ----------------------------
-- Table structure for qrtz_simprop_triggers
-- ----------------------------
DROP TABLE IF EXISTS `qrtz_simprop_triggers`;
CREATE TABLE `qrtz_simprop_triggers`  (
  `SCHED_NAME` varchar(120) CHARACTER SET utf8mb4 COLLATE utf8mb4_0900_ai_ci NOT NULL,
  `TRIGGER_NAME` varchar(200) CHARACTER SET utf8mb4 COLLATE utf8mb4_0900_ai_ci NOT NULL,
  `TRIGGER_GROUP` varchar(200) CHARACTER SET utf8mb4 COLLATE utf8mb4_0900_ai_ci NOT NULL,
  `STR_PROP_1` varchar(512) CHARACTER SET utf8mb4 COLLATE utf8mb4_0900_ai_ci NULL DEFAULT NULL,
  `STR_PROP_2` varchar(512) CHARACTER SET utf8mb4 COLLATE utf8mb4_0900_ai_ci NULL DEFAULT NULL,
  `STR_PROP_3` varchar(512) CHARACTER SET utf8mb4 COLLATE utf8mb4_0900_ai_ci NULL DEFAULT NULL,
  `INT_PROP_1` int(0) NULL DEFAULT NULL,
  `INT_PROP_2` int(0) NULL DEFAULT NULL,
  `LONG_PROP_1` bigint(0) NULL DEFAULT NULL,
  `LONG_PROP_2` bigint(0) NULL DEFAULT NULL,
  `DEC_PROP_1` decimal(13, 4) NULL DEFAULT NULL,
  `DEC_PROP_2` decimal(13, 4) NULL DEFAULT NULL,
  `BOOL_PROP_1` varchar(1) CHARACTER SET utf8mb4 COLLATE utf8mb4_0900_ai_ci NULL DEFAULT NULL,
  `BOOL_PROP_2` varchar(1) CHARACTER SET utf8mb4 COLLATE utf8mb4_0900_ai_ci NULL DEFAULT NULL,
  PRIMARY KEY (`SCHED_NAME`, `TRIGGER_NAME`, `TRIGGER_GROUP`) USING BTREE,
  CONSTRAINT `qrtz_simprop_triggers_ibfk_1` FOREIGN KEY (`SCHED_NAME`, `TRIGGER_NAME`, `TRIGGER_GROUP`) REFERENCES `qrtz_triggers` (`SCHED_NAME`, `TRIGGER_NAME`, `TRIGGER_GROUP`) ON DELETE RESTRICT ON UPDATE RESTRICT
) ENGINE = InnoDB CHARACTER SET = utf8mb4 COLLATE = utf8mb4_0900_ai_ci ROW_FORMAT = Dynamic;

-- ----------------------------
-- Table structure for qrtz_triggers
-- ----------------------------
DROP TABLE IF EXISTS `qrtz_triggers`;
CREATE TABLE `qrtz_triggers`  (
  `SCHED_NAME` varchar(120) CHARACTER SET utf8mb4 COLLATE utf8mb4_0900_ai_ci NOT NULL,
  `TRIGGER_NAME` varchar(200) CHARACTER SET utf8mb4 COLLATE utf8mb4_0900_ai_ci NOT NULL,
  `TRIGGER_GROUP` varchar(200) CHARACTER SET utf8mb4 COLLATE utf8mb4_0900_ai_ci NOT NULL,
  `JOB_NAME` varchar(200) CHARACTER SET utf8mb4 COLLATE utf8mb4_0900_ai_ci NOT NULL,
  `JOB_GROUP` varchar(200) CHARACTER SET utf8mb4 COLLATE utf8mb4_0900_ai_ci NOT NULL,
  `DESCRIPTION` varchar(250) CHARACTER SET utf8mb4 COLLATE utf8mb4_0900_ai_ci NULL DEFAULT NULL,
  `NEXT_FIRE_TIME` bigint(0) NULL DEFAULT NULL,
  `PREV_FIRE_TIME` bigint(0) NULL DEFAULT NULL,
  `PRIORITY` int(0) NULL DEFAULT NULL,
  `TRIGGER_STATE` varchar(16) CHARACTER SET utf8mb4 COLLATE utf8mb4_0900_ai_ci NOT NULL,
  `TRIGGER_TYPE` varchar(8) CHARACTER SET utf8mb4 COLLATE utf8mb4_0900_ai_ci NOT NULL,
  `START_TIME` bigint(0) NOT NULL,
  `END_TIME` bigint(0) NULL DEFAULT NULL,
  `CALENDAR_NAME` varchar(200) CHARACTER SET utf8mb4 COLLATE utf8mb4_0900_ai_ci NULL DEFAULT NULL,
  `MISFIRE_INSTR` smallint(0) NULL DEFAULT NULL,
  `JOB_DATA` blob NULL,
  PRIMARY KEY (`SCHED_NAME`, `TRIGGER_NAME`, `TRIGGER_GROUP`) USING BTREE,
  INDEX `SCHED_NAME`(`SCHED_NAME`, `JOB_NAME`, `JOB_GROUP`) USING BTREE,
  CONSTRAINT `qrtz_triggers_ibfk_1` FOREIGN KEY (`SCHED_NAME`, `JOB_NAME`, `JOB_GROUP`) REFERENCES `qrtz_job_details` (`SCHED_NAME`, `JOB_NAME`, `JOB_GROUP`) ON DELETE RESTRICT ON UPDATE RESTRICT
) ENGINE = InnoDB CHARACTER SET = utf8mb4 COLLATE = utf8mb4_0900_ai_ci ROW_FORMAT = Dynamic;

-- ----------------------------
-- Records of qrtz_triggers
-- ----------------------------
INSERT INTO `qrtz_triggers` VALUES ('MyScheduler', 'TASK_1', 'DEFAULT', 'TASK_1', 'DEFAULT', NULL, 1647778845000, -1, 5, 'PAUSED', 'CRON', 1647778845000, 0, NULL, 2, 0xACED0005737200156F72672E71756172747A2E4A6F62446174614D61709FB083E8BFA9B0CB020000787200266F72672E71756172747A2E7574696C732E537472696E674B65794469727479466C61674D61708208E8C3FBC55D280200015A0013616C6C6F77735472616E7369656E74446174617872001D6F72672E71756172747A2E7574696C732E4469727479466C61674D617013E62EAD28760ACE0200025A000564697274794C00036D617074000F4C6A6176612F7574696C2F4D61703B787001737200116A6176612E7574696C2E486173684D61700507DAC1C31660D103000246000A6C6F6164466163746F724900097468726573686F6C6478703F4000000000000C7708000000100000000174000D4A4F425F504152414D5F4B45597372001D63632E6D72626972642E666562732E6A6F622E646F6D61696E2E4A6F62058D52AC1093A3040200084C00086265616E4E616D657400124C6A6176612F6C616E672F537472696E673B4C000A63726561746554696D657400104C6A6176612F7574696C2F446174653B4C000E63726F6E45787072657373696F6E71007E00094C00056A6F6249647400104C6A6176612F6C616E672F4C6F6E673B4C000A6D6574686F644E616D6571007E00094C0006706172616D7371007E00094C000672656D61726B71007E00094C000673746174757371007E00097870740008746573745461736B7372000E6A6176612E7574696C2E44617465686A81014B5974190300007870770800000161C6EB70707874000E302F31202A202A202A202A203F317372000E6A6176612E6C616E672E4C6F6E673B8BE490CC8F23DF0200014A000576616C7565787200106A6176612E6C616E672E4E756D62657286AC951D0B94E08B02000078700000000000000001740004746573747400066D7262697264740018E69C89E58F82E4BBBBE58AA1E8B083E5BAA6E6B58BE8AF95740001317800);
INSERT INTO `qrtz_triggers` VALUES ('MyScheduler', 'TASK_11', 'DEFAULT', 'TASK_11', 'DEFAULT', NULL, 1647778845000, -1, 5, 'PAUSED', 'CRON', 1647778845000, 0, NULL, 2, 0xACED0005737200156F72672E71756172747A2E4A6F62446174614D61709FB083E8BFA9B0CB020000787200266F72672E71756172747A2E7574696C732E537472696E674B65794469727479466C61674D61708208E8C3FBC55D280200015A0013616C6C6F77735472616E7369656E74446174617872001D6F72672E71756172747A2E7574696C732E4469727479466C61674D617013E62EAD28760ACE0200025A000564697274794C00036D617074000F4C6A6176612F7574696C2F4D61703B787001737200116A6176612E7574696C2E486173684D61700507DAC1C31660D103000246000A6C6F6164466163746F724900097468726573686F6C6478703F4000000000000C7708000000100000000174000D4A4F425F504152414D5F4B45597372001D63632E6D72626972642E666562732E6A6F622E646F6D61696E2E4A6F62058D52AC1093A3040200084C00086265616E4E616D657400124C6A6176612F6C616E672F537472696E673B4C000A63726561746554696D657400104C6A6176612F7574696C2F446174653B4C000E63726F6E45787072657373696F6E71007E00094C00056A6F6249647400104C6A6176612F6C616E672F4C6F6E673B4C000A6D6574686F644E616D6571007E00094C0006706172616D7371007E00094C000672656D61726B71007E00094C000673746174757371007E00097870740008746573745461736B7372000E6A6176612E7574696C2E44617465686A81014B5974190300007870770800000161D01BAC507874000D302F35202A202A202A202A203F7372000E6A6176612E6C616E672E4C6F6E673B8BE490CC8F23DF0200014A000576616C7565787200106A6176612E6C616E672E4E756D62657286AC951D0B94E08B0200007870000000000000000B74000574657374327074000CE6B58BE8AF95E5BC82E5B8B8740001317800);
INSERT INTO `qrtz_triggers` VALUES ('MyScheduler', 'TASK_2', 'DEFAULT', 'TASK_2', 'DEFAULT', NULL, 1647778850000, -1, 5, 'PAUSED', 'CRON', 1647778845000, 0, NULL, 2, 0xACED0005737200156F72672E71756172747A2E4A6F62446174614D61709FB083E8BFA9B0CB020000787200266F72672E71756172747A2E7574696C732E537472696E674B65794469727479466C61674D61708208E8C3FBC55D280200015A0013616C6C6F77735472616E7369656E74446174617872001D6F72672E71756172747A2E7574696C732E4469727479466C61674D617013E62EAD28760ACE0200025A000564697274794C00036D617074000F4C6A6176612F7574696C2F4D61703B787001737200116A6176612E7574696C2E486173684D61700507DAC1C31660D103000246000A6C6F6164466163746F724900097468726573686F6C6478703F4000000000000C7708000000100000000174000D4A4F425F504152414D5F4B45597372001D63632E6D72626972642E666562732E6A6F622E646F6D61696E2E4A6F62058D52AC1093A3040200084C00086265616E4E616D657400124C6A6176612F6C616E672F537472696E673B4C000A63726561746554696D657400104C6A6176612F7574696C2F446174653B4C000E63726F6E45787072657373696F6E71007E00094C00056A6F6249647400104C6A6176612F6C616E672F4C6F6E673B4C000A6D6574686F644E616D6571007E00094C0006706172616D7371007E00094C000672656D61726B71007E00094C000673746174757371007E00097870740008746573745461736B7372000E6A6176612E7574696C2E44617465686A81014B5974190300007870770800000161C71032987874000E302F3130202A202A202A202A203F7372000E6A6176612E6C616E672E4C6F6E673B8BE490CC8F23DF0200014A000576616C7565787200106A6176612E6C616E672E4E756D62657286AC951D0B94E08B02000078700000000000000002740005746573743170740018E697A0E58F82E4BBBBE58AA1E8B083E5BAA6E6B58BE8AF95740001317800);
INSERT INTO `qrtz_triggers` VALUES ('MyScheduler', 'TASK_3', 'DEFAULT', 'TASK_3', 'DEFAULT', NULL, 1647778845000, -1, 5, 'PAUSED', 'CRON', 1647778845000, 0, NULL, 2, 0xACED0005737200156F72672E71756172747A2E4A6F62446174614D61709FB083E8BFA9B0CB020000787200266F72672E71756172747A2E7574696C732E537472696E674B65794469727479466C61674D61708208E8C3FBC55D280200015A0013616C6C6F77735472616E7369656E74446174617872001D6F72672E71756172747A2E7574696C732E4469727479466C61674D617013E62EAD28760ACE0200025A000564697274794C00036D617074000F4C6A6176612F7574696C2F4D61703B787001737200116A6176612E7574696C2E486173684D61700507DAC1C31660D103000246000A6C6F6164466163746F724900097468726573686F6C6478703F4000000000000C7708000000100000000174000D4A4F425F504152414D5F4B45597372001D63632E6D72626972642E666562732E6A6F622E646F6D61696E2E4A6F62058D52AC1093A3040200084C00086265616E4E616D657400124C6A6176612F6C616E672F537472696E673B4C000A63726561746554696D657400104C6A6176612F7574696C2F446174653B4C000E63726F6E45787072657373696F6E71007E00094C00056A6F6249647400104C6A6176612F6C616E672F4C6F6E673B4C000A6D6574686F644E616D6571007E00094C0006706172616D7371007E00094C000672656D61726B71007E00094C000673746174757371007E00097870740008746573745461736B7372000E6A6176612E7574696C2E44617465686A81014B5974190300007870770800000161CFB9A6907874000D302F31202A202A202A202A203F7372000E6A6176612E6C616E672E4C6F6E673B8BE490CC8F23DF0200014A000576616C7565787200106A6176612E6C616E672E4E756D62657286AC951D0B94E08B020000787000000000000000037400047465737474000B68656C6C6F20776F726C6474002BE69C89E58F82E4BBBBE58AA1E8B083E5BAA6E6B58BE8AF952CE6AF8FE99A94E4B880E7A792E8A7A6E58F91740001317800);

-- ----------------------------
-- Table structure for rurchase_request
-- ----------------------------
DROP TABLE IF EXISTS `rurchase_request`;
CREATE TABLE `rurchase_request`  (
  `id` int(0) NOT NULL AUTO_INCREMENT COMMENT '主键',
  `num` varchar(200) CHARACTER SET utf8mb4 COLLATE utf8mb4_0900_ai_ci NULL DEFAULT NULL COMMENT '采购申请单号',
  `content` varchar(300) CHARACTER SET utf8mb4 COLLATE utf8mb4_0900_ai_ci NULL DEFAULT NULL COMMENT '采购说明',
  `price` decimal(10, 2) NULL DEFAULT NULL COMMENT '预计金额',
  `process` tinyint(0) NULL DEFAULT NULL COMMENT '采购流程 0是正在采购 1是入库完成',
  `step` tinyint(0) NULL DEFAULT NULL COMMENT '当前流程',
  `applicant` varchar(200) CHARACTER SET utf8mb4 COLLATE utf8mb4_0900_ai_ci NULL DEFAULT NULL COMMENT '申请人',
  `create_date` datetime(0) NULL DEFAULT NULL COMMENT '创建时间',
  PRIMARY KEY (`id`) USING BTREE
) ENGINE = InnoDB AUTO_INCREMENT = 1 CHARACTER SET = utf8mb4 COLLATE = utf8mb4_0900_ai_ci COMMENT = '采购申请' ROW_FORMAT = Dynamic;

-- ----------------------------
-- Records of rurchase_request
-- ----------------------------
INSERT INTO `rurchase_request` VALUES (1, 'RUR-1647868056401', '我想喝可乐', 79.00, NULL, 1, '樊可', '2022-03-21 21:07:36');

-- ----------------------------
-- Table structure for stock_info
-- ----------------------------
DROP TABLE IF EXISTS `stock_info`;
CREATE TABLE `stock_info`  (
  `id` int(0) NOT NULL AUTO_INCREMENT COMMENT '主键',
  `name` varchar(200) CHARACTER SET utf8mb4 COLLATE utf8mb4_0900_ai_ci NULL DEFAULT NULL COMMENT '入库物品名称',
  `type_id` int(0) NULL DEFAULT NULL COMMENT '物品类型',
  `type` varchar(100) CHARACTER SET utf8mb4 COLLATE utf8mb4_0900_ai_ci NULL DEFAULT NULL COMMENT '型号',
  `amount` int(0) NULL DEFAULT NULL COMMENT '物品数量',
  `unit` varchar(100) CHARACTER SET utf8mb4 COLLATE utf8mb4_0900_ai_ci NULL DEFAULT NULL COMMENT '物品单位',
  `content` varchar(300) CHARACTER SET utf8mb4 COLLATE utf8mb4_0900_ai_ci NULL DEFAULT NULL COMMENT '备注',
  `price` decimal(10, 2) NULL DEFAULT NULL COMMENT '单价',
  `create_date` datetime(0) NULL DEFAULT NULL COMMENT '出/入库时间',
  `is_in` tinyint(0) NULL DEFAULT NULL COMMENT '是否是库房数据 0.库房数据 1.入库数据 2.出库数据',
  `to_user_id` int(0) NULL DEFAULT NULL COMMENT '出库到哪个学生',
  `parent_id` int(0) NULL DEFAULT NULL COMMENT '入库信息对应的库房ID',
  PRIMARY KEY (`id`) USING BTREE
) ENGINE = InnoDB AUTO_INCREMENT = 23 CHARACTER SET = utf8mb4 COLLATE = utf8mb4_0900_ai_ci COMMENT = '库房管理' ROW_FORMAT = Dynamic;

-- ----------------------------
-- Records of stock_info
-- ----------------------------
INSERT INTO `stock_info` VALUES (1, '卫生纸', 6, '超韧', 5, '卷', NULL, 2.00, '2022-03-21 12:56:10', 0, NULL, NULL);
INSERT INTO `stock_info` VALUES (2, '卫生纸', 6, '超韧', 9, '卷', NULL, 2.00, '2022-03-21 12:56:10', 1, NULL, 1);
INSERT INTO `stock_info` VALUES (3, '蒙牛牛奶30瓶装', 6, '蒙牛', 1, '箱', NULL, 60.00, '2022-03-21 12:56:10', 0, NULL, NULL);
INSERT INTO `stock_info` VALUES (4, '蒙牛牛奶30瓶装', 6, '蒙牛', 1, '箱', NULL, 60.00, '2022-03-21 12:56:10', 1, NULL, 3);
INSERT INTO `stock_info` VALUES (5, '卫生纸', 6, '超韧', 9, '卷', NULL, 2.00, '2022-03-21 15:51:23', 1, NULL, 1);
INSERT INTO `stock_info` VALUES (6, '卫生纸', 6, '超韧', 5, '卷', NULL, 2.00, '2022-03-21 19:00:16', 1, NULL, 1);
INSERT INTO `stock_info` VALUES (7, '可口可乐', 1, '300ml', 12, '罐', NULL, 3.00, '2022-03-21 19:00:16', 0, NULL, NULL);
INSERT INTO `stock_info` VALUES (8, '可口可乐', 1, '300ml', 16, '罐', NULL, 3.00, '2022-03-21 19:00:16', 1, NULL, 7);
INSERT INTO `stock_info` VALUES (9, '可口可乐', 1, '300ml', 10, '罐', NULL, 3.00, '2022-03-21 22:19:05', 1, NULL, 7);
INSERT INTO `stock_info` VALUES (10, '三层皇堡', 6, '汉堡王', 0, '个', NULL, 49.00, '2022-03-21 22:19:05', 0, NULL, NULL);
INSERT INTO `stock_info` VALUES (11, '三层皇堡', 6, '汉堡王', 1, '个', NULL, 49.00, '2022-03-21 22:19:05', 1, NULL, 10);
INSERT INTO `stock_info` VALUES (12, '卫生纸', 6, '超韧', 2, '卷', NULL, 2.00, '2022-03-22 12:32:41', 2, 1, 1);
INSERT INTO `stock_info` VALUES (13, '可口可乐', 1, '300ml', 2, '罐', NULL, 3.00, '2022-03-22 12:32:41', 2, 1, 7);
INSERT INTO `stock_info` VALUES (14, '卫生纸', 6, '超韧', 1, '卷', NULL, 2.00, '2022-03-22 12:36:18', 2, 1, 1);
INSERT INTO `stock_info` VALUES (15, '可口可乐', 1, '300ml', 1, '罐', NULL, 3.00, '2022-03-22 12:36:18', 2, 1, 7);
INSERT INTO `stock_info` VALUES (16, '卫生纸', 6, '超韧', 1, '卷', NULL, 2.00, '2022-03-22 13:12:12', 2, 1, 1);
INSERT INTO `stock_info` VALUES (17, '可口可乐', 1, '300ml', 1, '罐', NULL, 3.00, '2022-03-22 13:12:12', 2, 1, 7);
INSERT INTO `stock_info` VALUES (18, '三层皇堡', 6, '汉堡王', 1, '个', NULL, 49.00, '2022-03-22 13:12:36', 2, 1, 10);
INSERT INTO `stock_info` VALUES (19, '可口可乐', 1, '300ml', 1, '罐', NULL, 3.00, '2022-03-23 10:56:32', 2, 2, 7);
INSERT INTO `stock_info` VALUES (20, '华硕3080ti', 7, 'GeForce RTX 3080Ti', 3, '块', NULL, 8999.00, '2022-03-23 12:19:17', 0, NULL, NULL);
INSERT INTO `stock_info` VALUES (21, '华硕3080ti', 7, 'GeForce RTX 3080Ti', 3, '块', NULL, 8999.00, '2022-03-23 12:19:17', 1, NULL, 20);
INSERT INTO `stock_info` VALUES (22, 'i9 9900k', 7, '英特尔® 酷睿™ i9-9900K 处理器 ', 3, '颗', NULL, 5400.00, '2022-03-23 12:19:17', 0, NULL, NULL);
INSERT INTO `stock_info` VALUES (23, 'i9 9900k', 7, '英特尔® 酷睿™ i9-9900K 处理器 ', 3, '颗', NULL, 5400.00, '2022-03-23 12:19:17', 1, NULL, 22);

-- ----------------------------
-- Table structure for stock_out
-- ----------------------------
DROP TABLE IF EXISTS `stock_out`;
CREATE TABLE `stock_out`  (
  `id` int(0) NOT NULL AUTO_INCREMENT COMMENT '主键',
  `num` varchar(200) CHARACTER SET utf8mb4 COLLATE utf8mb4_0900_ai_ci NULL DEFAULT NULL COMMENT '单号',
  `user_id` int(0) NULL DEFAULT NULL COMMENT '学生ID',
  `price` decimal(10, 2) NULL DEFAULT NULL COMMENT '总价',
  `custodian` varchar(200) CHARACTER SET utf8mb4 COLLATE utf8mb4_0900_ai_ci NULL DEFAULT NULL COMMENT '保管员',
  `handler` varchar(200) CHARACTER SET utf8mb4 COLLATE utf8mb4_0900_ai_ci NULL DEFAULT NULL COMMENT '经手人',
  `create_date` datetime(0) NULL DEFAULT NULL COMMENT '出库时间',
  `apply_id` int(0) NULL DEFAULT NULL COMMENT '申请单ID',
  PRIMARY KEY (`id`) USING BTREE
) ENGINE = InnoDB AUTO_INCREMENT = 3 CHARACTER SET = utf8mb4 COLLATE = utf8mb4_0900_ai_ci COMMENT = '出库管理' ROW_FORMAT = Dynamic;

-- ----------------------------
-- Records of stock_out
-- ----------------------------
INSERT INTO `stock_out` VALUES (1, 'OUT-1647925932291', 1, 5.00, '樊可', '樊可', '2022-03-22 13:12:12', NULL);
INSERT INTO `stock_out` VALUES (2, 'OUT-1647925955976', 1, 49.00, '樊可', '樊可', '2022-03-22 13:12:35', NULL);
INSERT INTO `stock_out` VALUES (3, 'OUT-1648004192010', 2, 3.00, '管理员', '管理员', '2022-03-23 10:56:31', 2);

-- ----------------------------
-- Table structure for stock_put
-- ----------------------------
DROP TABLE IF EXISTS `stock_put`;
CREATE TABLE `stock_put`  (
  `id` int(0) NOT NULL AUTO_INCREMENT COMMENT '主键',
  `num` varchar(200) CHARACTER SET utf8mb4 COLLATE utf8mb4_0900_ai_ci NULL DEFAULT NULL COMMENT '单号',
  `price` decimal(10, 2) NULL DEFAULT NULL COMMENT '总价',
  `custodian` varchar(200) CHARACTER SET utf8mb4 COLLATE utf8mb4_0900_ai_ci NULL DEFAULT NULL COMMENT '保管人',
  `put_user` varchar(200) CHARACTER SET utf8mb4 COLLATE utf8mb4_0900_ai_ci NULL DEFAULT NULL COMMENT '入库人',
  `content` varchar(500) CHARACTER SET utf8mb4 COLLATE utf8mb4_0900_ai_ci NULL DEFAULT NULL COMMENT '备注',
  `create_date` datetime(0) NULL DEFAULT NULL COMMENT '入库时间',
  PRIMARY KEY (`id`) USING BTREE
) ENGINE = InnoDB AUTO_INCREMENT = 5 CHARACTER SET = utf8mb4 COLLATE = utf8mb4_0900_ai_ci COMMENT = '入库管理' ROW_FORMAT = Dynamic;

-- ----------------------------
-- Records of stock_put
-- ----------------------------
INSERT INTO `stock_put` VALUES (1, 'PUT-1647838570459', 66.00, '樊可', '樊可', '2022-03-21耗材入库', '2022-03-21 12:56:10');
INSERT INTO `stock_put` VALUES (2, 'PUT-1647849083051', 2.00, '樊可', '樊可', '要买卫生纸了', '2022-03-21 15:51:23');
INSERT INTO `stock_put` VALUES (3, 'PUT-1647860416128', 28.00, '樊可', '樊可', '下楼买点东西', '2022-03-21 19:00:16');
INSERT INTO `stock_put` VALUES (4, 'PUT-1647872344998', 79.00, '樊可', '樊可', '采购完成，进行入库 2022-3-21 22:18', '2022-03-21 22:19:04');
INSERT INTO `stock_put` VALUES (5, 'PUT-1648009157208', 43197.00, '樊可', '樊可', '电脑配件', '2022-03-23 12:19:17');

-- ----------------------------
-- Table structure for student_info
-- ----------------------------
DROP TABLE IF EXISTS `student_info`;
CREATE TABLE `student_info`  (
  `id` int(0) NOT NULL AUTO_INCREMENT COMMENT '主键',
  `name` varchar(200) CHARACTER SET utf8mb4 COLLATE utf8mb4_0900_ai_ci NULL DEFAULT NULL COMMENT '姓名',
  `team` varchar(200) CHARACTER SET utf8mb4 COLLATE utf8mb4_0900_ai_ci NULL DEFAULT NULL COMMENT '实验小组',
  `user_id` bigint(0) NULL DEFAULT NULL COMMENT '所属账户',
  `content` varchar(500) CHARACTER SET utf8mb4 COLLATE utf8mb4_0900_ai_ci NULL DEFAULT NULL COMMENT '备注',
  `create_date` datetime(0) NULL DEFAULT NULL COMMENT '创建时间',
  PRIMARY KEY (`id`) USING BTREE
) ENGINE = InnoDB AUTO_INCREMENT = 2 CHARACTER SET = utf8mb4 COLLATE = utf8mb4_0900_ai_ci COMMENT = '学生管理' ROW_FORMAT = Dynamic;

-- ----------------------------
-- Records of student_info
-- ----------------------------
INSERT INTO `student_info` VALUES (1, '张三', '实验一组', 12, NULL, '2022-03-22 08:56:07');
INSERT INTO `student_info` VALUES (2, '李四', '实验一组', 15, NULL, '2022-03-22 22:04:18');

-- ----------------------------
-- Table structure for t_dept
-- ----------------------------
DROP TABLE IF EXISTS `t_dept`;
CREATE TABLE `t_dept`  (
  `DEPT_ID` bigint(0) NOT NULL AUTO_INCREMENT COMMENT '部门ID',
  `PARENT_ID` bigint(0) NOT NULL COMMENT '上级部门ID',
  `DEPT_NAME` varchar(100) CHARACTER SET utf8 COLLATE utf8_general_ci NOT NULL COMMENT '部门名称',
  `ORDER_NUM` double(20, 0) NULL DEFAULT NULL COMMENT '排序',
  `CREATE_TIME` datetime(0) NULL DEFAULT NULL COMMENT '创建时间',
  `MODIFY_TIME` datetime(0) NULL DEFAULT NULL COMMENT '修改时间',
  PRIMARY KEY (`DEPT_ID`) USING BTREE
) ENGINE = InnoDB AUTO_INCREMENT = 6 CHARACTER SET = utf8 COLLATE = utf8_general_ci ROW_FORMAT = Dynamic;

-- ----------------------------
-- Records of t_dept
-- ----------------------------
INSERT INTO `t_dept` VALUES (1, 0, '开发部', 1, '2018-01-04 15:42:26', '2019-01-05 21:08:27');
INSERT INTO `t_dept` VALUES (2, 1, '开发一部', 1, '2018-01-04 15:42:34', '2019-01-18 00:59:37');
INSERT INTO `t_dept` VALUES (3, 1, '开发二部', 2, '2018-01-04 15:42:29', '2019-01-05 14:09:39');
INSERT INTO `t_dept` VALUES (4, 0, '市场部', 2, '2018-01-04 15:42:36', '2019-01-23 06:27:56');
INSERT INTO `t_dept` VALUES (5, 0, '人事部', 3, '2018-01-04 15:42:32', '2019-01-23 06:27:59');
INSERT INTO `t_dept` VALUES (6, 0, '测试部', 4, '2018-01-04 15:42:38', '2019-01-17 08:15:47');

-- ----------------------------
-- Table structure for t_dict
-- ----------------------------
DROP TABLE IF EXISTS `t_dict`;
CREATE TABLE `t_dict`  (
  `DICT_ID` bigint(0) NOT NULL AUTO_INCREMENT COMMENT '字典ID',
  `KEYY` bigint(0) NOT NULL COMMENT '键',
  `VALUEE` varchar(100) CHARACTER SET utf8 COLLATE utf8_general_ci NOT NULL COMMENT '值',
  `FIELD_NAME` varchar(100) CHARACTER SET utf8 COLLATE utf8_general_ci NOT NULL COMMENT '字段名称',
  `TABLE_NAME` varchar(100) CHARACTER SET utf8 COLLATE utf8_general_ci NOT NULL COMMENT '表名',
  PRIMARY KEY (`DICT_ID`) USING BTREE
) ENGINE = InnoDB AUTO_INCREMENT = 33 CHARACTER SET = utf8 COLLATE = utf8_general_ci ROW_FORMAT = Dynamic;

-- ----------------------------
-- Records of t_dict
-- ----------------------------
INSERT INTO `t_dict` VALUES (1, 0, '男', 'ssex', 't_user');
INSERT INTO `t_dict` VALUES (2, 1, '女', 'ssex', 't_user');
INSERT INTO `t_dict` VALUES (3, 2, '保密', 'ssex', 't_user');
INSERT INTO `t_dict` VALUES (4, 1, '有效', 'status', 't_user');
INSERT INTO `t_dict` VALUES (5, 0, '锁定', 'status', 't_user');
INSERT INTO `t_dict` VALUES (6, 0, '菜单', 'type', 't_menu');
INSERT INTO `t_dict` VALUES (7, 1, '按钮', 'type', 't_menu');
INSERT INTO `t_dict` VALUES (30, 0, '正常', 'status', 't_job');
INSERT INTO `t_dict` VALUES (31, 1, '暂停', 'status', 't_job');
INSERT INTO `t_dict` VALUES (32, 0, '成功', 'status', 't_job_log');
INSERT INTO `t_dict` VALUES (33, 1, '失败', 'status', 't_job_log');

-- ----------------------------
-- Table structure for t_job
-- ----------------------------
DROP TABLE IF EXISTS `t_job`;
CREATE TABLE `t_job`  (
  `JOB_ID` bigint(0) NOT NULL AUTO_INCREMENT COMMENT '任务id',
  `BEAN_NAME` varchar(100) CHARACTER SET utf8 COLLATE utf8_general_ci NOT NULL COMMENT 'spring bean名称',
  `METHOD_NAME` varchar(100) CHARACTER SET utf8 COLLATE utf8_general_ci NOT NULL COMMENT '方法名',
  `PARAMS` varchar(200) CHARACTER SET utf8 COLLATE utf8_general_ci NULL DEFAULT NULL COMMENT '参数',
  `CRON_EXPRESSION` varchar(100) CHARACTER SET utf8 COLLATE utf8_general_ci NOT NULL COMMENT 'cron表达式',
  `STATUS` char(2) CHARACTER SET utf8 COLLATE utf8_general_ci NOT NULL COMMENT '任务状态  0：正常  1：暂停',
  `REMARK` varchar(200) CHARACTER SET utf8 COLLATE utf8_general_ci NULL DEFAULT NULL COMMENT '备注',
  `CREATE_TIME` datetime(0) NULL DEFAULT NULL COMMENT '创建时间',
  PRIMARY KEY (`JOB_ID`) USING BTREE
) ENGINE = InnoDB AUTO_INCREMENT = 11 CHARACTER SET = utf8 COLLATE = utf8_general_ci ROW_FORMAT = Dynamic;

-- ----------------------------
-- Records of t_job
-- ----------------------------
INSERT INTO `t_job` VALUES (1, 'testTask', 'test', 'mrbird', '0/1 * * * * ?1', '1', '有参任务调度测试', '2018-02-24 16:26:14');
INSERT INTO `t_job` VALUES (2, 'testTask', 'test1', NULL, '0/10 * * * * ?', '1', '无参任务调度测试', '2018-02-24 17:06:23');
INSERT INTO `t_job` VALUES (3, 'testTask', 'test', 'hello world', '0/1 * * * * ?', '1', '有参任务调度测试,每隔一秒触发', '2018-02-26 09:28:26');
INSERT INTO `t_job` VALUES (11, 'testTask', 'test2', NULL, '0/5 * * * * ?', '1', '测试异常', '2018-02-26 11:15:30');

-- ----------------------------
-- Table structure for t_job_log
-- ----------------------------
DROP TABLE IF EXISTS `t_job_log`;
CREATE TABLE `t_job_log`  (
  `LOG_ID` bigint(0) NOT NULL AUTO_INCREMENT COMMENT '任务日志id',
  `JOB_ID` bigint(0) NOT NULL COMMENT '任务id',
  `BEAN_NAME` varchar(100) CHARACTER SET utf8 COLLATE utf8_general_ci NOT NULL COMMENT 'spring bean名称',
  `METHOD_NAME` varchar(100) CHARACTER SET utf8 COLLATE utf8_general_ci NOT NULL COMMENT '方法名',
  `PARAMS` varchar(200) CHARACTER SET utf8 COLLATE utf8_general_ci NULL DEFAULT NULL COMMENT '参数',
  `STATUS` char(2) CHARACTER SET utf8 COLLATE utf8_general_ci NOT NULL COMMENT '任务状态    0：成功    1：失败',
  `ERROR` text CHARACTER SET utf8 COLLATE utf8_general_ci NULL COMMENT '失败信息',
  `TIMES` decimal(11, 0) NULL DEFAULT NULL COMMENT '耗时(单位：毫秒)',
  `CREATE_TIME` datetime(0) NULL DEFAULT NULL COMMENT '创建时间',
  PRIMARY KEY (`LOG_ID`) USING BTREE
) ENGINE = InnoDB AUTO_INCREMENT = 2501 CHARACTER SET = utf8 COLLATE = utf8_general_ci ROW_FORMAT = Dynamic;

-- ----------------------------
-- Records of t_job_log
-- ----------------------------
INSERT INTO `t_job_log` VALUES (2450, 3, 'testTask', 'test', 'hello world', '0', NULL, 2, '2018-03-20 15:31:52');
INSERT INTO `t_job_log` VALUES (2451, 3, 'testTask', 'test', 'hello world', '0', NULL, 0, '2018-03-20 15:31:53');
INSERT INTO `t_job_log` VALUES (2452, 3, 'testTask', 'test', 'hello world', '0', NULL, 2, '2018-03-20 15:31:54');
INSERT INTO `t_job_log` VALUES (2453, 3, 'testTask', 'test', 'hello world', '0', NULL, 1, '2018-03-20 15:31:55');
INSERT INTO `t_job_log` VALUES (2454, 3, 'testTask', 'test', 'hello world', '0', NULL, 0, '2018-03-20 15:31:56');
INSERT INTO `t_job_log` VALUES (2455, 3, 'testTask', 'test', 'hello world', '0', NULL, 1, '2018-03-20 15:31:57');
INSERT INTO `t_job_log` VALUES (2456, 3, 'testTask', 'test', 'hello world', '0', NULL, 1, '2018-03-20 15:31:59');
INSERT INTO `t_job_log` VALUES (2457, 3, 'testTask', 'test', 'hello world', '0', NULL, 1, '2018-03-20 15:31:59');
INSERT INTO `t_job_log` VALUES (2458, 3, 'testTask', 'test', 'hello world', '0', NULL, 1, '2018-03-20 15:32:00');
INSERT INTO `t_job_log` VALUES (2459, 3, 'testTask', 'test', 'hello world', '0', NULL, 0, '2018-03-20 15:32:01');
INSERT INTO `t_job_log` VALUES (2460, 3, 'testTask', 'test', 'hello world', '0', NULL, 5, '2018-03-20 15:32:02');
INSERT INTO `t_job_log` VALUES (2461, 3, 'testTask', 'test', 'hello world', '0', NULL, 1, '2018-03-20 15:32:03');
INSERT INTO `t_job_log` VALUES (2462, 3, 'testTask', 'test', 'hello world', '0', NULL, 1, '2018-03-20 15:32:04');
INSERT INTO `t_job_log` VALUES (2463, 3, 'testTask', 'test', 'hello world', '0', NULL, 1, '2018-03-20 15:32:05');
INSERT INTO `t_job_log` VALUES (2464, 3, 'testTask', 'test', 'hello world', '0', NULL, 1, '2018-03-20 15:32:06');
INSERT INTO `t_job_log` VALUES (2465, 11, 'testTask', 'test2', NULL, '1', 'java.lang.NoSuchMethodException: cc.mrbird.job.task.TestTask.test2()', 0, '2018-03-20 15:32:26');
INSERT INTO `t_job_log` VALUES (2466, 2, 'testTask', 'test1', NULL, '0', NULL, 1, '2018-04-02 15:26:40');
INSERT INTO `t_job_log` VALUES (2467, 2, 'testTask', 'test1', NULL, '0', NULL, 1, '2018-04-02 15:26:50');
INSERT INTO `t_job_log` VALUES (2468, 2, 'testTask', 'test1', NULL, '0', NULL, 1, '2018-04-02 15:27:20');
INSERT INTO `t_job_log` VALUES (2469, 2, 'testTask', 'test1', NULL, '0', NULL, 3, '2018-04-02 17:29:20');
INSERT INTO `t_job_log` VALUES (2476, 1, 'testTask', 'test', 'mrbird', '0', NULL, 1, '2019-01-06 08:25:00');
INSERT INTO `t_job_log` VALUES (2477, 11, 'testTask', 'test2', NULL, '1', 'java.lang.NoSuchMethodException: cc.mrbird.febs.job.task.TestTask.test2()', 0, '2019-01-06 08:25:25');
INSERT INTO `t_job_log` VALUES (2478, 1, 'testTask', 'test', 'mrbird', '0', NULL, 1, '2019-01-06 08:40:15');
INSERT INTO `t_job_log` VALUES (2479, 1, 'testTask', 'test', 'mrbird', '0', NULL, 1, '2019-01-06 08:40:15');
INSERT INTO `t_job_log` VALUES (2480, 1, 'testTask', 'test', 'mrbird', '0', NULL, 1, '2019-01-06 08:40:15');
INSERT INTO `t_job_log` VALUES (2481, 1, 'testTask', 'test', 'mrbird', '0', NULL, 1, '2019-01-06 08:40:15');
INSERT INTO `t_job_log` VALUES (2482, 1, 'testTask', 'test', 'mrbird', '0', NULL, 0, '2019-01-06 08:40:15');
INSERT INTO `t_job_log` VALUES (2483, 1, 'testTask', 'test', 'mrbird', '0', NULL, 1, '2019-01-06 08:40:15');
INSERT INTO `t_job_log` VALUES (2484, 1, 'testTask', 'test', 'mrbird', '0', NULL, 0, '2019-01-06 08:40:15');
INSERT INTO `t_job_log` VALUES (2485, 1, 'testTask', 'test', 'mrbird', '0', NULL, 0, '2019-01-06 08:40:15');
INSERT INTO `t_job_log` VALUES (2486, 1, 'testTask', 'test', 'mrbird', '0', NULL, 0, '2019-01-06 08:40:15');
INSERT INTO `t_job_log` VALUES (2487, 1, 'testTask', 'test', 'mrbird', '0', NULL, 0, '2019-01-06 08:40:15');
INSERT INTO `t_job_log` VALUES (2488, 1, 'testTask', 'test', 'mrbird', '0', NULL, 1, '2019-01-06 08:40:16');
INSERT INTO `t_job_log` VALUES (2489, 1, 'testTask', 'test', 'mrbird', '0', NULL, 0, '2019-01-06 08:40:17');
INSERT INTO `t_job_log` VALUES (2490, 1, 'testTask', 'test', 'mrbird', '0', NULL, 1, '2019-01-06 08:40:18');
INSERT INTO `t_job_log` VALUES (2491, 1, 'testTask', 'test', 'mrbird', '0', NULL, 0, '2019-01-06 08:40:19');
INSERT INTO `t_job_log` VALUES (2492, 1, 'testTask', 'test', 'mrbird', '0', NULL, 1, '2019-01-06 08:40:20');
INSERT INTO `t_job_log` VALUES (2493, 1, 'testTask', 'test', 'mrbird', '0', NULL, 0, '2019-01-06 08:40:21');
INSERT INTO `t_job_log` VALUES (2494, 1, 'testTask', 'test', 'mrbird', '0', NULL, 0, '2019-01-06 08:40:22');
INSERT INTO `t_job_log` VALUES (2495, 11, 'testTask', 'test2', NULL, '1', 'java.lang.NoSuchMethodException: cc.mrbird.febs.job.task.TestTask.test2()', 2, '2019-01-06 08:40:36');
INSERT INTO `t_job_log` VALUES (2496, 11, 'testTask', 'test2', NULL, '1', 'java.lang.NoSuchMethodException: cc.mrbird.febs.job.task.TestTask.test2()', 0, '2019-01-06 08:40:36');
INSERT INTO `t_job_log` VALUES (2497, 11, 'testTask', 'test2', NULL, '1', 'java.lang.NoSuchMethodException: cc.mrbird.febs.job.task.TestTask.test2()', 1, '2019-01-06 08:40:40');
INSERT INTO `t_job_log` VALUES (2498, 2, 'testTask', 'test1', NULL, '0', NULL, 1, '2019-01-06 11:36:20');
INSERT INTO `t_job_log` VALUES (2499, 1, 'testTask', 'test', 'mrbird', '0', NULL, 30, '2019-01-22 05:41:01');
INSERT INTO `t_job_log` VALUES (2500, 1, 'testTask', 'test', 'mrbird', '0', NULL, 9, '2019-01-23 06:28:58');
INSERT INTO `t_job_log` VALUES (2501, 1, 'testTask', 'test', 'mrbird', '0', NULL, 12, '2019-01-24 05:39:59');

-- ----------------------------
-- Table structure for t_log
-- ----------------------------
DROP TABLE IF EXISTS `t_log`;
CREATE TABLE `t_log`  (
  `ID` bigint(0) NOT NULL AUTO_INCREMENT COMMENT '日志ID',
  `USERNAME` varchar(50) CHARACTER SET utf8 COLLATE utf8_general_ci NULL DEFAULT NULL COMMENT '操作用户',
  `OPERATION` text CHARACTER SET utf8 COLLATE utf8_general_ci NULL COMMENT '操作内容',
  `TIME` decimal(11, 0) NULL DEFAULT NULL COMMENT '耗时',
  `METHOD` text CHARACTER SET utf8 COLLATE utf8_general_ci NULL COMMENT '操作方法',
  `PARAMS` text CHARACTER SET utf8 COLLATE utf8_general_ci NULL COMMENT '方法参数',
  `IP` varchar(64) CHARACTER SET utf8 COLLATE utf8_general_ci NULL DEFAULT NULL COMMENT '操作者IP',
  `CREATE_TIME` datetime(0) NULL DEFAULT NULL COMMENT '创建时间',
  `location` varchar(50) CHARACTER SET utf8 COLLATE utf8_general_ci NULL DEFAULT NULL COMMENT '操作地点',
  PRIMARY KEY (`ID`) USING BTREE
) ENGINE = InnoDB AUTO_INCREMENT = 1880 CHARACTER SET = utf8 COLLATE = utf8_general_ci ROW_FORMAT = Dynamic;

-- ----------------------------
-- Records of t_log
-- ----------------------------
INSERT INTO `t_log` VALUES (1815, 'mrbird', '删除用户', 301, 'cc.mrbird.febs.system.controller.UserController.deleteUsers()', ' userIds: \"11\"', '127.0.0.1', '2019-01-23 06:26:43', '内网IP|0|0|内网IP|内网IP');
INSERT INTO `t_log` VALUES (1816, 'mrbird', '修改菜单/按钮', 170, 'cc.mrbird.febs.system.controller.MenuController.updateMenu()', ' menu: \"Menu(menuId=2, parentId=0, menuName=系统监控, path=/monitor, component=PageView, perms=null, icon=dashboard, type=0, orderNum=2.0, createTime=null, modifyTime=Wed Jan 23 14:27:12 CST 2019, createTimeFrom=null, createTimeTo=null)\"', '127.0.0.1', '2019-01-23 06:27:13', '内网IP|0|0|内网IP|内网IP');
INSERT INTO `t_log` VALUES (1817, 'mrbird', '修改部门', 90, 'cc.mrbird.febs.system.controller.DeptController.updateDept()', ' dept: \"Dept(deptId=4, parentId=0, deptName=市场部, orderNum=2.0, createTime=null, modifyTime=Wed Jan 23 14:27:55 CST 2019, createTimeFrom=null, createTimeTo=null)\"', '127.0.0.1', '2019-01-23 06:27:56', '内网IP|0|0|内网IP|内网IP');
INSERT INTO `t_log` VALUES (1818, 'mrbird', '修改部门', 596, 'cc.mrbird.febs.system.controller.DeptController.updateDept()', ' dept: \"Dept(deptId=5, parentId=0, deptName=人事部, orderNum=3.0, createTime=null, modifyTime=Wed Jan 23 14:27:59 CST 2019, createTimeFrom=null, createTimeTo=null)\"', '127.0.0.1', '2019-01-23 06:28:00', '内网IP|0|0|内网IP|内网IP');
INSERT INTO `t_log` VALUES (1819, 'mrbird', '执行定时任务', 146, 'cc.mrbird.febs.job.controller.JobController.runJob()', ' jobId: \"1\"', '127.0.0.1', '2019-01-23 06:28:58', '内网IP|0|0|内网IP|内网IP');
INSERT INTO `t_log` VALUES (1820, 'mrbird', '新增菜单/按钮', 160, 'cc.mrbird.febs.system.controller.MenuController.addMenu()', ' menu: \"Menu(menuId=130, parentId=3, menuName=导出Excel, path=null, component=null, perms=user:export, icon=null, type=1, orderNum=null, createTime=Wed Jan 23 14:35:15 CST 2019, modifyTime=null, createTimeFrom=null, createTimeTo=null)\"', '127.0.0.1', '2019-01-23 06:35:16', '内网IP|0|0|内网IP|内网IP');
INSERT INTO `t_log` VALUES (1821, 'mrbird', '新增菜单/按钮', 255, 'cc.mrbird.febs.system.controller.MenuController.addMenu()', ' menu: \"Menu(menuId=131, parentId=4, menuName=导出Excel, path=null, component=null, perms=role:export, icon=null, type=1, orderNum=null, createTime=Wed Jan 23 14:35:36 CST 2019, modifyTime=null, createTimeFrom=null, createTimeTo=null)\"', '127.0.0.1', '2019-01-23 06:35:36', '内网IP|0|0|内网IP|内网IP');
INSERT INTO `t_log` VALUES (1822, 'mrbird', '新增菜单/按钮', 172, 'cc.mrbird.febs.system.controller.MenuController.addMenu()', ' menu: \"Menu(menuId=132, parentId=5, menuName=导出Excel, path=null, component=null, perms=menu:export, icon=null, type=1, orderNum=null, createTime=Wed Jan 23 14:36:04 CST 2019, modifyTime=null, createTimeFrom=null, createTimeTo=null)\"', '127.0.0.1', '2019-01-23 06:36:05', '内网IP|0|0|内网IP|内网IP');
INSERT INTO `t_log` VALUES (1823, 'mrbird', '新增菜单/按钮', 188, 'cc.mrbird.febs.system.controller.MenuController.addMenu()', ' menu: \"Menu(menuId=133, parentId=6, menuName=导出Excel, path=null, component=null, perms=dept:export, icon=null, type=1, orderNum=null, createTime=Wed Jan 23 14:36:24 CST 2019, modifyTime=null, createTimeFrom=null, createTimeTo=null)\"', '127.0.0.1', '2019-01-23 06:36:25', '内网IP|0|0|内网IP|内网IP');
INSERT INTO `t_log` VALUES (1824, 'mrbird', '新增菜单/按钮', 186, 'cc.mrbird.febs.system.controller.MenuController.addMenu()', ' menu: \"Menu(menuId=134, parentId=64, menuName=导出Excel, path=null, component=null, perms=dict:export, icon=null, type=1, orderNum=null, createTime=Wed Jan 23 14:36:43 CST 2019, modifyTime=null, createTimeFrom=null, createTimeTo=null)\"', '127.0.0.1', '2019-01-23 06:36:44', '内网IP|0|0|内网IP|内网IP');
INSERT INTO `t_log` VALUES (1825, 'mrbird', '新增菜单/按钮', 160, 'cc.mrbird.febs.system.controller.MenuController.addMenu()', ' menu: \"Menu(menuId=135, parentId=3, menuName=密码重置, path=null, component=null, perms=user:reset, icon=null, type=1, orderNum=null, createTime=Wed Jan 23 14:36:59 CST 2019, modifyTime=null, createTimeFrom=null, createTimeTo=null)\"', '127.0.0.1', '2019-01-23 06:37:00', '内网IP|0|0|内网IP|内网IP');
INSERT INTO `t_log` VALUES (1826, 'mrbird', '新增菜单/按钮', 181, 'cc.mrbird.febs.system.controller.MenuController.addMenu()', ' menu: \"Menu(menuId=136, parentId=10, menuName=导出Excel, path=null, component=null, perms=log:export, icon=null, type=1, orderNum=null, createTime=Wed Jan 23 14:37:26 CST 2019, modifyTime=null, createTimeFrom=null, createTimeTo=null)\"', '127.0.0.1', '2019-01-23 06:37:27', '内网IP|0|0|内网IP|内网IP');
INSERT INTO `t_log` VALUES (1827, 'mrbird', '新增菜单/按钮', 146, 'cc.mrbird.febs.system.controller.MenuController.addMenu()', ' menu: \"Menu(menuId=137, parentId=102, menuName=导出Excel, path=null, component=null, perms=job:export, icon=null, type=1, orderNum=null, createTime=Wed Jan 23 14:37:59 CST 2019, modifyTime=null, createTimeFrom=null, createTimeTo=null)\"', '127.0.0.1', '2019-01-23 06:37:59', '内网IP|0|0|内网IP|内网IP');
INSERT INTO `t_log` VALUES (1828, 'mrbird', '新增菜单/按钮', 164, 'cc.mrbird.febs.system.controller.MenuController.addMenu()', ' menu: \"Menu(menuId=138, parentId=109, menuName=导出Excel, path=null, component=null, perms=jobLog:export, icon=null, type=1, orderNum=null, createTime=Wed Jan 23 14:38:32 CST 2019, modifyTime=null, createTimeFrom=null, createTimeTo=null)\"', '127.0.0.1', '2019-01-23 06:38:33', '内网IP|0|0|内网IP|内网IP');
INSERT INTO `t_log` VALUES (1829, 'mrbird', '修改角色', 3132, 'cc.mrbird.febs.system.controller.RoleController.updateRole()', ' role: \"Role(roleId=1, roleName=管理员, remark=管理员, createTime=null, modifyTime=Wed Jan 23 14:45:28 CST 2019, createTimeFrom=null, createTimeTo=null, menuId=1,3,11,12,13,4,14,15,16,5,17,18,19,6,20,21,22,64,65,66,67,2,8,23,10,24,113,121,122,124,123,125,101,102,103,104,105,106,107,108,109,110,58,59,61,81,82,83,127,128,129,130,135,131,132,133,134,136,137,138)\"', '127.0.0.1', '2019-01-23 06:45:32', '内网IP|0|0|内网IP|内网IP');
INSERT INTO `t_log` VALUES (1830, 'mrbird', '修改角色', 1730, 'cc.mrbird.febs.system.controller.RoleController.updateRole()', ' role: \"Role(roleId=2, roleName=注册用户, remark=只可查看不可操作, createTime=null, modifyTime=Wed Jan 23 15:31:07 CST 2019, createTimeFrom=null, createTimeTo=null, menuId=3,1,4,5,6,64,2,8,10,113,121,122,124,123,125,101,102,109,58,59,61,81,82,83,127,128,129)\"', '127.0.0.1', '2019-01-23 07:31:09', '内网IP|0|0|内网IP|内网IP');
INSERT INTO `t_log` VALUES (1831, 'mrbird', '修改角色', 1997, 'cc.mrbird.febs.system.controller.RoleController.updateRole()', ' role: \"Role(roleId=2, roleName=注册用户, remark=可查看，新增，导出, createTime=null, modifyTime=Wed Jan 23 15:32:20 CST 2019, createTimeFrom=null, createTimeTo=null, menuId=3,1,4,5,6,64,2,8,10,113,121,122,124,123,125,101,102,109,58,59,61,81,82,83,127,128,129,130,14,17,132,20,133,65,134,136,103,137,138)\"', '127.0.0.1', '2019-01-23 07:32:22', '内网IP|0|0|内网IP|内网IP');
INSERT INTO `t_log` VALUES (1832, 'mrbird', '新增角色', 1428, 'cc.mrbird.febs.system.controller.RoleController.addRole()', ' role: \"Role(roleId=72, roleName=普通用户, remark=只可查看，好可怜哦, createTime=Wed Jan 23 15:33:20 CST 2019, modifyTime=null, createTimeFrom=null, createTimeTo=null, menuId=1,3,4,5,6,64,2,8,10,113,121,122,124,123,127,101,102,109,58,59,61,81,82,83,128,129)\"', '127.0.0.1', '2019-01-23 07:33:22', '内网IP|0|0|内网IP|内网IP');
INSERT INTO `t_log` VALUES (1833, 'mrbird', '新增用户', 338, 'cc.mrbird.febs.system.controller.UserController.addUser()', ' user: \"User(userId=12, username=jack, password=552649f10640385d0728a80a4242893e, deptId=6, deptName=null, email=jack@hotmail.com, mobile=null, status=1, createTime=Wed Jan 23 15:34:05 CST 2019, modifyTime=null, lastLoginTime=null, ssex=0, description=null, avatar=default.jpg, roleId=72, roleName=null, sortField=null, sortOrder=null, createTimeFrom=null, createTimeTo=null, id=null)\"', '127.0.0.1', '2019-01-23 07:34:06', '内网IP|0|0|内网IP|内网IP');
INSERT INTO `t_log` VALUES (1834, 'mrbird', '修改角色', 2160, 'cc.mrbird.febs.system.controller.RoleController.updateRole()', ' role: \"Role(roleId=2, roleName=注册用户, remark=可查看，新增，导出, createTime=null, modifyTime=Wed Jan 23 15:37:08 CST 2019, createTimeFrom=null, createTimeTo=null, menuId=3,1,4,5,6,64,2,8,10,113,121,122,124,123,125,101,102,109,58,59,61,81,82,83,127,128,129,130,14,17,132,20,133,65,134,136,103,137,138,131)\"', '127.0.0.1', '2019-01-23 07:37:11', '内网IP|0|0|内网IP|内网IP');
INSERT INTO `t_log` VALUES (1835, 'mrbird', '新增角色', 169, 'cc.mrbird.febs.system.controller.RoleController.addRole()', ' role: \"Role(roleId=73, roleName=测试xss, remark=<style>body{background:red !important}</style>, createTime=Wed Jan 23 15:47:04 CST 2019, modifyTime=null, createTimeFrom=null, createTimeTo=null, menuId=1,3)\"', '127.0.0.1', '2019-01-23 07:47:04', '内网IP|0|0|内网IP|内网IP');
INSERT INTO `t_log` VALUES (1836, 'mrbird', '删除角色', 54, 'cc.mrbird.febs.system.controller.RoleController.deleteRoles()', ' roleIds: \"73\"', '218.104.237.213', '2019-01-24 03:03:41', '中国|华东|福建省|福州市|联通');
INSERT INTO `t_log` VALUES (1837, 'mrbird', '修改用户', 39, 'cc.mrbird.febs.system.controller.UserController.updateUser()', ' user: \"User(userId=12, username=jack, password=null, deptId=6, deptName=null, email=jack@hotmail.com, mobile=null, status=1, createTime=null, modifyTime=Thu Jan 24 11:08:00 CST 2019, lastLoginTime=null, ssex=0, description=null, avatar=null, roleId=72, roleName=null, sortField=null, sortOrder=null, createTimeFrom=null, createTimeTo=null, id=null)\"', '218.104.237.213', '2019-01-24 03:08:01', '中国|华东|福建省|福州市|联通');
INSERT INTO `t_log` VALUES (1838, 'mrbird', '执行定时任务', 41, 'cc.mrbird.febs.job.controller.JobController.runJob()', ' jobId: \"1\"', '218.104.237.213', '2019-01-24 05:39:59', '中国|华东|福建省|福州市|联通');
INSERT INTO `t_log` VALUES (1839, 'mrbird', '新增菜单/按钮', 33, 'cc.mrbird.febs.system.controller.MenuController.addMenu()', ' menu: \"Menu(menuId=139, parentId=0, menuName=库房审核, path=/admin, component=PageView, perms=null, icon=inbox, type=0, orderNum=6.0, createTime=Sun Mar 20 20:37:34 CST 2022, modifyTime=null, createTimeFrom=null, createTimeTo=null)\"', '127.0.0.1', '2022-03-20 20:37:35', '');
INSERT INTO `t_log` VALUES (1840, 'mrbird', '新增菜单/按钮', 13, 'cc.mrbird.febs.system.controller.MenuController.addMenu()', ' menu: \"Menu(menuId=140, parentId=0, menuName=库房申请, path=/stu, component=PageView, perms=null, icon=inbox, type=0, orderNum=7.0, createTime=Sun Mar 20 20:38:25 CST 2022, modifyTime=null, createTimeFrom=null, createTimeTo=null)\"', '127.0.0.1', '2022-03-20 20:38:25', '');
INSERT INTO `t_log` VALUES (1841, 'mrbird', '新增菜单/按钮', 16, 'cc.mrbird.febs.system.controller.MenuController.addMenu()', ' menu: \"Menu(menuId=141, parentId=0, menuName=库房入库, path=/purchase, component=PageView, perms=, icon=inbox, type=0, orderNum=8.0, createTime=Sun Mar 20 20:39:01 CST 2022, modifyTime=null, createTimeFrom=null, createTimeTo=null)\"', '127.0.0.1', '2022-03-20 20:39:01', '');
INSERT INTO `t_log` VALUES (1842, 'mrbird', '新增菜单/按钮', 18, 'cc.mrbird.febs.system.controller.MenuController.addMenu()', ' menu: \"Menu(menuId=142, parentId=139, menuName=采购申请, path=/admin/rurchase, component=admin/rurchase/Rurchase, perms=null, icon=calendar, type=0, orderNum=1.0, createTime=Sun Mar 20 20:41:58 CST 2022, modifyTime=null, createTimeFrom=null, createTimeTo=null)\"', '127.0.0.1', '2022-03-20 20:41:59', '');
INSERT INTO `t_log` VALUES (1843, 'mrbird', '新增菜单/按钮', 13, 'cc.mrbird.febs.system.controller.MenuController.addMenu()', ' menu: \"Menu(menuId=143, parentId=139, menuName=耗材申请, path=/admin/goods, component=admin/goods/Goods, perms=null, icon=credit-card, type=0, orderNum=2.0, createTime=Sun Mar 20 20:42:53 CST 2022, modifyTime=null, createTimeFrom=null, createTimeTo=null)\"', '127.0.0.1', '2022-03-20 20:42:54', '');
INSERT INTO `t_log` VALUES (1844, 'mrbird', '新增菜单/按钮', 15, 'cc.mrbird.febs.system.controller.MenuController.addMenu()', ' menu: \"Menu(menuId=144, parentId=139, menuName=入库管理, path=/admin/stockput, component=admin/stockput/Stockput, perms=null, icon=export, type=0, orderNum=3.0, createTime=Sun Mar 20 20:44:13 CST 2022, modifyTime=null, createTimeFrom=null, createTimeTo=null)\"', '127.0.0.1', '2022-03-20 20:44:13', '');
INSERT INTO `t_log` VALUES (1845, 'mrbird', '新增菜单/按钮', 13, 'cc.mrbird.febs.system.controller.MenuController.addMenu()', ' menu: \"Menu(menuId=145, parentId=139, menuName=库房管理, path=/admin/stock, component=admin/stock/Stock, perms=null, icon=table, type=0, orderNum=4.0, createTime=Sun Mar 20 20:45:00 CST 2022, modifyTime=null, createTimeFrom=null, createTimeTo=null)\"', '127.0.0.1', '2022-03-20 20:45:01', '');
INSERT INTO `t_log` VALUES (1846, 'mrbird', '新增菜单/按钮', 13, 'cc.mrbird.febs.system.controller.MenuController.addMenu()', ' menu: \"Menu(menuId=146, parentId=139, menuName=出库管理, path=/admin/stockout, component=admin/stockout/Stockout, perms=null, icon=share-alt, type=0, orderNum=5.0, createTime=Sun Mar 20 20:45:51 CST 2022, modifyTime=null, createTimeFrom=null, createTimeTo=null)\"', '127.0.0.1', '2022-03-20 20:45:52', '');
INSERT INTO `t_log` VALUES (1847, 'mrbird', '新增菜单/按钮', 20, 'cc.mrbird.febs.system.controller.MenuController.addMenu()', ' menu: \"Menu(menuId=147, parentId=139, menuName=出入库明细, path=/admin/details, component=admin/details/Details, perms=null, icon=reconciliation, type=0, orderNum=6.0, createTime=Sun Mar 20 20:46:52 CST 2022, modifyTime=null, createTimeFrom=null, createTimeTo=null)\"', '127.0.0.1', '2022-03-20 20:46:52', '');
INSERT INTO `t_log` VALUES (1848, 'mrbird', '新增菜单/按钮', 17, 'cc.mrbird.febs.system.controller.MenuController.addMenu()', ' menu: \"Menu(menuId=148, parentId=139, menuName=学生管理, path=/admin/student, component=admin/student/Student, perms=null, icon=team, type=0, orderNum=7.0, createTime=Sun Mar 20 20:47:50 CST 2022, modifyTime=null, createTimeFrom=null, createTimeTo=null)\"', '127.0.0.1', '2022-03-20 20:47:51', '');
INSERT INTO `t_log` VALUES (1849, 'mrbird', '新增菜单/按钮', 18, 'cc.mrbird.febs.system.controller.MenuController.addMenu()', ' menu: \"Menu(menuId=149, parentId=139, menuName=套餐管理, path=/admin/combo, component=admin/combo/Combo, perms=null, icon=profile, type=0, orderNum=8.0, createTime=Sun Mar 20 20:48:47 CST 2022, modifyTime=null, createTimeFrom=null, createTimeTo=null)\"', '127.0.0.1', '2022-03-20 20:48:48', '');
INSERT INTO `t_log` VALUES (1850, 'mrbird', '新增菜单/按钮', 14, 'cc.mrbird.febs.system.controller.MenuController.addMenu()', ' menu: \"Menu(menuId=150, parentId=139, menuName=公告信息, path=/admin/bulletin, component=admin/bulletin/Bulletin, perms=null, icon=notification, type=0, orderNum=9.0, createTime=Sun Mar 20 20:50:32 CST 2022, modifyTime=null, createTimeFrom=null, createTimeTo=null)\"', '127.0.0.1', '2022-03-20 20:50:33', '');
INSERT INTO `t_log` VALUES (1851, 'mrbird', '新增菜单/按钮', 46, 'cc.mrbird.febs.system.controller.MenuController.addMenu()', ' menu: \"Menu(menuId=151, parentId=140, menuName=个人信息, path=/stu/user, component=stu/user/User, perms=null, icon=user, type=0, orderNum=1.0, createTime=Sun Mar 20 20:52:20 CST 2022, modifyTime=null, createTimeFrom=null, createTimeTo=null)\"', '127.0.0.1', '2022-03-20 20:52:21', '');
INSERT INTO `t_log` VALUES (1852, 'mrbird', '新增菜单/按钮', 14, 'cc.mrbird.febs.system.controller.MenuController.addMenu()', ' menu: \"Menu(menuId=152, parentId=140, menuName=耗材申请, path=/stu/request, component=stu/request/Request, perms=null, icon=audit, type=0, orderNum=2.0, createTime=Sun Mar 20 20:54:00 CST 2022, modifyTime=null, createTimeFrom=null, createTimeTo=null)\"', '127.0.0.1', '2022-03-20 20:54:01', '');
INSERT INTO `t_log` VALUES (1853, 'mrbird', '新增菜单/按钮', 13, 'cc.mrbird.febs.system.controller.MenuController.addMenu()', ' menu: \"Menu(menuId=153, parentId=140, menuName=领取记录, path=/stu/record, component=stu/record/Record, perms=null, icon=block, type=0, orderNum=3.0, createTime=Sun Mar 20 20:56:30 CST 2022, modifyTime=null, createTimeFrom=null, createTimeTo=null)\"', '127.0.0.1', '2022-03-20 20:56:31', '');
INSERT INTO `t_log` VALUES (1854, 'mrbird', '新增菜单/按钮', 17, 'cc.mrbird.febs.system.controller.MenuController.addMenu()', ' menu: \"Menu(menuId=154, parentId=141, menuName=耗材采购, path=/purchase/request, component=purchase/request/Request, perms=null, icon=select, type=0, orderNum=1.0, createTime=Sun Mar 20 20:58:21 CST 2022, modifyTime=null, createTimeFrom=null, createTimeTo=null)\"', '127.0.0.1', '2022-03-20 20:58:21', '');
INSERT INTO `t_log` VALUES (1855, 'mrbird', '新增菜单/按钮', 13, 'cc.mrbird.febs.system.controller.MenuController.addMenu()', ' menu: \"Menu(menuId=155, parentId=141, menuName=采购记录, path=/purchase/record, component=purchase/record/Record, perms=null, icon=gateway, type=0, orderNum=2.0, createTime=Sun Mar 20 20:59:24 CST 2022, modifyTime=null, createTimeFrom=null, createTimeTo=null)\"', '127.0.0.1', '2022-03-20 20:59:24', '');
INSERT INTO `t_log` VALUES (1856, 'mrbird', '新增角色', 42, 'cc.mrbird.febs.system.controller.RoleController.addRole()', ' role: \"Role(roleId=74, roleName=学员, remark=, createTime=Sun Mar 20 21:05:43 CST 2022, modifyTime=null, createTimeFrom=null, createTimeTo=null, menuId=140,151,152,153)\"', '127.0.0.1', '2022-03-20 21:05:44', '');
INSERT INTO `t_log` VALUES (1857, 'mrbird', '新增角色', 107, 'cc.mrbird.febs.system.controller.RoleController.addRole()', ' role: \"Role(roleId=75, roleName=超级管理员, remark=, createTime=Sun Mar 20 21:06:03 CST 2022, modifyTime=null, createTimeFrom=null, createTimeTo=null, menuId=139,142,143,144,145,146,147,148,150,149)\"', '127.0.0.1', '2022-03-20 21:06:03', '');
INSERT INTO `t_log` VALUES (1858, 'mrbird', '新增角色', 41, 'cc.mrbird.febs.system.controller.RoleController.addRole()', ' role: \"Role(roleId=76, roleName=采购员, remark=, createTime=Sun Mar 20 21:06:12 CST 2022, modifyTime=null, createTimeFrom=null, createTimeTo=null, menuId=141,154,155)\"', '127.0.0.1', '2022-03-20 21:06:13', '');
INSERT INTO `t_log` VALUES (1859, 'mrbird', '新增用户', 38, 'cc.mrbird.febs.system.controller.UserController.addUser()', ' user: \"User(userId=13, username=caigou, password=f4c466b824e1ffdbd38271d52e363a93, deptId=null, deptName=null, email=null, mobile=null, status=1, createTime=Sun Mar 20 21:06:30 CST 2022, modifyTime=null, lastLoginTime=null, ssex=2, description=null, avatar=default.jpg, roleId=76, roleName=null, sortField=null, sortOrder=null, createTimeFrom=null, createTimeTo=null, id=null)\"', '127.0.0.1', '2022-03-20 21:06:30', '');
INSERT INTO `t_log` VALUES (1860, 'mrbird', '新增用户', 25, 'cc.mrbird.febs.system.controller.UserController.addUser()', ' user: \"User(userId=14, username=admin, password=3ee4a28b103216fa2d140d1979297910, deptId=null, deptName=null, email=null, mobile=null, status=1, createTime=Sun Mar 20 21:06:41 CST 2022, modifyTime=null, lastLoginTime=null, ssex=2, description=null, avatar=default.jpg, roleId=75, roleName=null, sortField=null, sortOrder=null, createTimeFrom=null, createTimeTo=null, id=null)\"', '127.0.0.1', '2022-03-20 21:06:41', '');
INSERT INTO `t_log` VALUES (1861, 'mrbird', '新增菜单/按钮', 19, 'cc.mrbird.febs.system.controller.MenuController.addMenu()', ' menu: \"Menu(menuId=156, parentId=139, menuName=耗材类型, path=/admin/type, component=admin/type/Type, perms=null, icon=loading-3-quarters, type=0, orderNum=10.0, createTime=Mon Mar 21 09:02:13 CST 2022, modifyTime=null, createTimeFrom=null, createTimeTo=null)\"', '127.0.0.1', '2022-03-21 09:02:14', '');
INSERT INTO `t_log` VALUES (1862, 'mrbird', '修改角色', 144, 'cc.mrbird.febs.system.controller.RoleController.updateRole()', ' role: \"Role(roleId=75, roleName=超级管理员, remark=, createTime=null, modifyTime=Mon Mar 21 09:02:21 CST 2022, createTimeFrom=null, createTimeTo=null, menuId=139,142,143,144,145,146,147,148,150,149,156)\"', '127.0.0.1', '2022-03-21 09:02:22', '');
INSERT INTO `t_log` VALUES (1863, 'mrbird', '新增菜单/按钮', 24, 'cc.mrbird.febs.system.controller.MenuController.addMenu()', ' menu: \"Menu(menuId=157, parentId=141, menuName=采购申请, path=/purchase/rurchase, component=purchase/rurchase/Rurchase, perms=null, icon=calculator, type=0, orderNum=3.0, createTime=Mon Mar 21 15:54:28 CST 2022, modifyTime=null, createTimeFrom=null, createTimeTo=null)\"', '127.0.0.1', '2022-03-21 15:54:28', '');
INSERT INTO `t_log` VALUES (1864, 'mrbird', '修改角色', 71, 'cc.mrbird.febs.system.controller.RoleController.updateRole()', ' role: \"Role(roleId=76, roleName=采购员, remark=, createTime=null, modifyTime=Mon Mar 21 15:58:19 CST 2022, createTimeFrom=null, createTimeTo=null, menuId=141,154,155,157)\"', '127.0.0.1', '2022-03-21 15:58:19', '');
INSERT INTO `t_log` VALUES (1865, 'mrbird', '修改角色', 71, 'cc.mrbird.febs.system.controller.RoleController.updateRole()', ' role: \"Role(roleId=74, roleName=学员, remark=, createTime=null, modifyTime=Tue Mar 22 22:06:52 CST 2022, createTimeFrom=null, createTimeTo=null, menuId=140,152,153)\"', '127.0.0.1', '2022-03-22 22:06:53', '');
INSERT INTO `t_log` VALUES (1866, 'mrbird', '修改菜单/按钮', 33, 'cc.mrbird.febs.system.controller.MenuController.updateMenu()', ' menu: \"Menu(menuId=143, parentId=139, menuName=耗材审批, path=/admin/goods, component=admin/goods/Goods, perms=null, icon=credit-card, type=0, orderNum=2.0, createTime=null, modifyTime=Wed Mar 23 20:15:10 CST 2022, createTimeFrom=null, createTimeTo=null)\"', '127.0.0.1', '2022-03-23 20:15:10', '');
INSERT INTO `t_log` VALUES (1867, 'mrbird', '修改菜单/按钮', 31, 'cc.mrbird.febs.system.controller.MenuController.updateMenu()', ' menu: \"Menu(menuId=139, parentId=0, menuName=库房管理, path=/admin, component=PageView, perms=null, icon=inbox, type=0, orderNum=6.0, createTime=null, modifyTime=Thu Mar 24 08:36:51 CST 2022, createTimeFrom=null, createTimeTo=null)\"', '127.0.0.1', '2022-03-24 08:36:52', '');
INSERT INTO `t_log` VALUES (1868, 'mrbird', '新增菜单/按钮', 21, 'cc.mrbird.febs.system.controller.MenuController.addMenu()', ' menu: \"Menu(menuId=158, parentId=0, menuName=采购管理, path=/caigou, component=PageView, perms=null, icon=file-done, type=0, orderNum=9.0, createTime=Thu Mar 24 08:38:40 CST 2022, modifyTime=null, createTimeFrom=null, createTimeTo=null)\"', '127.0.0.1', '2022-03-24 08:38:41', '');
INSERT INTO `t_log` VALUES (1869, 'mrbird', '修改菜单/按钮', 27, 'cc.mrbird.febs.system.controller.MenuController.updateMenu()', ' menu: \"Menu(menuId=142, parentId=158, menuName=采购申请, path=/admin/rurchase, component=admin/rurchase/Rurchase, perms=null, icon=calendar, type=0, orderNum=1.0, createTime=null, modifyTime=Thu Mar 24 08:39:13 CST 2022, createTimeFrom=null, createTimeTo=null)\"', '127.0.0.1', '2022-03-24 08:39:14', '');
INSERT INTO `t_log` VALUES (1870, 'mrbird', '新增菜单/按钮', 17, 'cc.mrbird.febs.system.controller.MenuController.addMenu()', ' menu: \"Menu(menuId=159, parentId=0, menuName=人员管理, path=/student, component=PageView, perms=null, icon=user, type=0, orderNum=10.0, createTime=Thu Mar 24 08:40:17 CST 2022, modifyTime=null, createTimeFrom=null, createTimeTo=null)\"', '127.0.0.1', '2022-03-24 08:40:18', '');
INSERT INTO `t_log` VALUES (1871, 'mrbird', '修改菜单/按钮', 27, 'cc.mrbird.febs.system.controller.MenuController.updateMenu()', ' menu: \"Menu(menuId=148, parentId=159, menuName=学生管理, path=/admin/student, component=admin/student/Student, perms=null, icon=team, type=0, orderNum=7.0, createTime=null, modifyTime=Thu Mar 24 08:40:28 CST 2022, createTimeFrom=null, createTimeTo=null)\"', '127.0.0.1', '2022-03-24 08:40:29', '');
INSERT INTO `t_log` VALUES (1872, 'mrbird', '新增菜单/按钮', 21, 'cc.mrbird.febs.system.controller.MenuController.addMenu()', ' menu: \"Menu(menuId=160, parentId=0, menuName=审批管理, path=/audit, component=PageView, perms=null, icon=gateway, type=0, orderNum=11.0, createTime=Thu Mar 24 08:41:28 CST 2022, modifyTime=null, createTimeFrom=null, createTimeTo=null)\"', '127.0.0.1', '2022-03-24 08:41:28', '');
INSERT INTO `t_log` VALUES (1873, 'mrbird', '修改菜单/按钮', 21, 'cc.mrbird.febs.system.controller.MenuController.updateMenu()', ' menu: \"Menu(menuId=143, parentId=160, menuName=耗材审批, path=/admin/goods, component=admin/goods/Goods, perms=null, icon=credit-card, type=0, orderNum=2.0, createTime=null, modifyTime=Thu Mar 24 08:41:50 CST 2022, createTimeFrom=null, createTimeTo=null)\"', '127.0.0.1', '2022-03-24 08:41:51', '');
INSERT INTO `t_log` VALUES (1874, 'mrbird', '新增菜单/按钮', 22, 'cc.mrbird.febs.system.controller.MenuController.addMenu()', ' menu: \"Menu(menuId=161, parentId=0, menuName=公告管理, path=/gonggao, component=PageView, perms=null, icon=message, type=0, orderNum=12.0, createTime=Thu Mar 24 08:42:43 CST 2022, modifyTime=null, createTimeFrom=null, createTimeTo=null)\"', '127.0.0.1', '2022-03-24 08:42:44', '');
INSERT INTO `t_log` VALUES (1875, 'mrbird', '修改菜单/按钮', 23, 'cc.mrbird.febs.system.controller.MenuController.updateMenu()', ' menu: \"Menu(menuId=150, parentId=161, menuName=公告信息, path=/admin/bulletin, component=admin/bulletin/Bulletin, perms=null, icon=notification, type=0, orderNum=9.0, createTime=null, modifyTime=Thu Mar 24 08:42:59 CST 2022, createTimeFrom=null, createTimeTo=null)\"', '127.0.0.1', '2022-03-24 08:42:59', '');
INSERT INTO `t_log` VALUES (1876, 'mrbird', '修改菜单/按钮', 25, 'cc.mrbird.febs.system.controller.MenuController.updateMenu()', ' menu: \"Menu(menuId=149, parentId=139, menuName=实验耗材管理, path=/admin/combo, component=admin/combo/Combo, perms=null, icon=profile, type=0, orderNum=8.0, createTime=null, modifyTime=Thu Mar 24 08:43:40 CST 2022, createTimeFrom=null, createTimeTo=null)\"', '127.0.0.1', '2022-03-24 08:43:40', '');
INSERT INTO `t_log` VALUES (1877, 'mrbird', '修改菜单/按钮', 28, 'cc.mrbird.febs.system.controller.MenuController.updateMenu()', ' menu: \"Menu(menuId=146, parentId=139, menuName=出库管理, path=/admin/stockout, component=admin/stockout/Stockout, perms=null, icon=cluster, type=0, orderNum=5.0, createTime=null, modifyTime=Thu Mar 24 08:44:53 CST 2022, createTimeFrom=null, createTimeTo=null)\"', '127.0.0.1', '2022-03-24 08:44:53', '');
INSERT INTO `t_log` VALUES (1878, 'mrbird', '修改角色', 162, 'cc.mrbird.febs.system.controller.RoleController.updateRole()', ' role: \"Role(roleId=75, roleName=超级管理员, remark=, createTime=null, modifyTime=Thu Mar 24 08:45:18 CST 2022, createTimeFrom=null, createTimeTo=null, menuId=139,142,143,144,145,146,147,148,150,149,156,159,160,161,158)\"', '127.0.0.1', '2022-03-24 08:45:19', '');
INSERT INTO `t_log` VALUES (1879, 'mrbird', '修改菜单/按钮', 43, 'cc.mrbird.febs.system.controller.MenuController.updateMenu()', ' menu: \"Menu(menuId=141, parentId=0, menuName=采购管理, path=/purchase, component=PageView, perms=, icon=inbox, type=0, orderNum=8.0, createTime=null, modifyTime=Thu Mar 24 08:47:13 CST 2022, createTimeFrom=null, createTimeTo=null)\"', '127.0.0.1', '2022-03-24 08:47:14', '');
INSERT INTO `t_log` VALUES (1880, 'mrbird', '修改菜单/按钮', 62, 'cc.mrbird.febs.system.controller.MenuController.updateMenu()', ' menu: \"Menu(menuId=154, parentId=141, menuName=库房信息, path=/purchase/request, component=purchase/request/Request, perms=null, icon=select, type=0, orderNum=1.0, createTime=null, modifyTime=Thu Mar 24 08:47:24 CST 2022, createTimeFrom=null, createTimeTo=null)\"', '127.0.0.1', '2022-03-24 08:47:25', '');

-- ----------------------------
-- Table structure for t_login_log
-- ----------------------------
DROP TABLE IF EXISTS `t_login_log`;
CREATE TABLE `t_login_log`  (
  `USERNAME` varchar(100) CHARACTER SET utf8 COLLATE utf8_general_ci NOT NULL COMMENT '用户名',
  `LOGIN_TIME` datetime(0) NOT NULL COMMENT '登录时间',
  `LOCATION` varchar(255) CHARACTER SET utf8 COLLATE utf8_general_ci NULL DEFAULT NULL COMMENT '登录地点',
  `IP` varchar(100) CHARACTER SET utf8 COLLATE utf8_general_ci NULL DEFAULT NULL COMMENT 'IP地址'
) ENGINE = InnoDB CHARACTER SET = utf8 COLLATE = utf8_general_ci ROW_FORMAT = Dynamic;

-- ----------------------------
-- Records of t_login_log
-- ----------------------------
INSERT INTO `t_login_log` VALUES ('mrbird', '2019-01-12 03:18:33', '内网IP|0|0|内网IP|内网IP', '127.0.0.1');
INSERT INTO `t_login_log` VALUES ('mrbird', '2019-01-10 03:18:33', '内网IP|0|0|内网IP|内网IP', '127.0.0.1');
INSERT INTO `t_login_log` VALUES ('mrbird', '2019-01-09 03:18:33', '内网IP|0|0|内网IP|内网IP', '127.0.0.1');
INSERT INTO `t_login_log` VALUES ('mrbird', '2019-01-11 03:18:33', '内网IP|0|0|内网IP|内网IP', '127.0.0.1');
INSERT INTO `t_login_log` VALUES ('mrbird', '2019-01-12 04:23:45', '内网IP|0|0|内网IP|内网IP', '127.0.0.1');
INSERT INTO `t_login_log` VALUES ('mrbird', '2019-01-15 03:31:18', '内网IP|0|0|内网IP|内网IP', '127.0.0.1');
INSERT INTO `t_login_log` VALUES ('mrbird', '2019-01-15 03:36:28', '内网IP|0|0|内网IP|内网IP', '127.0.0.1');
INSERT INTO `t_login_log` VALUES ('mrbird', '2019-01-15 06:05:36', '内网IP|0|0|内网IP|内网IP', '127.0.0.1');
INSERT INTO `t_login_log` VALUES ('mrbird', '2019-01-15 08:44:39', '内网IP|0|0|内网IP|内网IP', '127.0.0.1');
INSERT INTO `t_login_log` VALUES ('mrbird', '2019-01-15 09:02:42', '内网IP|0|0|内网IP|内网IP', '127.0.0.1');
INSERT INTO `t_login_log` VALUES ('scott', '2019-01-15 09:24:21', '内网IP|0|0|内网IP|内网IP', '127.0.0.1');
INSERT INTO `t_login_log` VALUES ('scott', '2019-01-15 09:25:16', '内网IP|0|0|内网IP|内网IP', '127.0.0.1');
INSERT INTO `t_login_log` VALUES ('mrbird', '2019-01-15 10:14:20', '内网IP|0|0|内网IP|内网IP', '127.0.0.1');
INSERT INTO `t_login_log` VALUES ('scott', '2019-01-15 10:48:59', '内网IP|0|0|内网IP|内网IP', '127.0.0.1');
INSERT INTO `t_login_log` VALUES ('mrbird', '2019-01-14 11:02:04', '内网IP|0|0|内网IP|内网IP', '127.0.0.1');
INSERT INTO `t_login_log` VALUES ('scott', '2019-01-13 11:02:04', '内网IP|0|0|内网IP|内网IP', '127.0.0.1');
INSERT INTO `t_login_log` VALUES ('mrbird', '2019-01-15 11:02:04', '内网IP|0|0|内网IP|内网IP', '127.0.0.1');
INSERT INTO `t_login_log` VALUES ('mrbird', '2019-01-16 01:20:24', '内网IP|0|0|内网IP|内网IP', '127.0.0.1');
INSERT INTO `t_login_log` VALUES ('mrbird', '2019-01-16 02:25:47', '内网IP|0|0|内网IP|内网IP', '127.0.0.1');
INSERT INTO `t_login_log` VALUES ('mrbird', '2019-01-16 03:25:11', '内网IP|0|0|内网IP|内网IP', '127.0.0.1');
INSERT INTO `t_login_log` VALUES ('mrbird', '2019-01-16 03:44:23', '内网IP|0|0|内网IP|内网IP', '127.0.0.1');
INSERT INTO `t_login_log` VALUES ('mrbird', '2019-01-16 05:44:05', '内网IP|0|0|内网IP|内网IP', '127.0.0.1');
INSERT INTO `t_login_log` VALUES ('mrbird', '2019-01-16 05:51:12', '内网IP|0|0|内网IP|内网IP', '127.0.0.1');
INSERT INTO `t_login_log` VALUES ('scott', '2019-01-16 05:51:21', '内网IP|0|0|内网IP|内网IP', '127.0.0.1');
INSERT INTO `t_login_log` VALUES ('mrbird', '2019-01-16 05:54:03', '内网IP|0|0|内网IP|内网IP', '127.0.0.1');
INSERT INTO `t_login_log` VALUES ('mrbird', '2019-01-16 06:18:57', '内网IP|0|0|内网IP|内网IP', '127.0.0.1');
INSERT INTO `t_login_log` VALUES ('mrbird', '2019-01-16 06:31:19', '内网IP|0|0|内网IP|内网IP', '127.0.0.1');
INSERT INTO `t_login_log` VALUES ('mrbird', '2019-01-16 07:32:02', '内网IP|0|0|内网IP|内网IP', '127.0.0.1');
INSERT INTO `t_login_log` VALUES ('mrbird', '2019-01-17 01:10:42', '内网IP|0|0|内网IP|内网IP', '127.0.0.1');
INSERT INTO `t_login_log` VALUES ('mrbird', '2019-01-17 02:21:12', '内网IP|0|0|内网IP|内网IP', '127.0.0.1');
INSERT INTO `t_login_log` VALUES ('mrbird', '2019-01-17 06:07:00', '内网IP|0|0|内网IP|内网IP', '127.0.0.1');
INSERT INTO `t_login_log` VALUES ('mrbird', '2019-01-17 06:45:24', '内网IP|0|0|内网IP|内网IP', '127.0.0.1');
INSERT INTO `t_login_log` VALUES ('mrbird', '2019-01-17 06:46:40', '内网IP|0|0|内网IP|内网IP', '127.0.0.1');
INSERT INTO `t_login_log` VALUES ('mrbird', '2019-01-17 06:54:23', '内网IP|0|0|内网IP|内网IP', '127.0.0.1');
INSERT INTO `t_login_log` VALUES ('mrbird', '2019-01-17 06:54:53', '内网IP|0|0|内网IP|内网IP', '127.0.0.1');
INSERT INTO `t_login_log` VALUES ('mrbird', '2019-01-17 06:55:38', '内网IP|0|0|内网IP|内网IP', '127.0.0.1');
INSERT INTO `t_login_log` VALUES ('mrbird', '2019-01-17 07:38:37', '内网IP|0|0|内网IP|内网IP', '127.0.0.1');
INSERT INTO `t_login_log` VALUES ('mrbird', '2019-01-17 07:39:14', '内网IP|0|0|内网IP|内网IP', '127.0.0.1');
INSERT INTO `t_login_log` VALUES ('mrbird', '2019-01-17 07:40:48', '内网IP|0|0|内网IP|内网IP', '127.0.0.1');
INSERT INTO `t_login_log` VALUES ('mrbird', '2019-01-17 07:41:41', '内网IP|0|0|内网IP|内网IP', '127.0.0.1');
INSERT INTO `t_login_log` VALUES ('scott', '2019-01-17 07:42:53', '内网IP|0|0|内网IP|内网IP', '127.0.0.1');
INSERT INTO `t_login_log` VALUES ('scott', '2019-01-17 07:43:39', '内网IP|0|0|内网IP|内网IP', '127.0.0.1');
INSERT INTO `t_login_log` VALUES ('mrbird', '2019-01-17 08:13:29', '内网IP|0|0|内网IP|内网IP', '127.0.0.1');
INSERT INTO `t_login_log` VALUES ('mrbird', '2019-01-17 08:39:56', '内网IP|0|0|内网IP|内网IP', '127.0.0.1');
INSERT INTO `t_login_log` VALUES ('mrbird', '2019-01-17 09:26:19', '内网IP|0|0|内网IP|内网IP', '127.0.0.1');
INSERT INTO `t_login_log` VALUES ('mrbird', '2019-01-17 09:26:58', '内网IP|0|0|内网IP|内网IP', '127.0.0.1');
INSERT INTO `t_login_log` VALUES ('mrbird', '2019-01-17 09:30:15', '内网IP|0|0|内网IP|内网IP', '127.0.0.1');
INSERT INTO `t_login_log` VALUES ('mrbirdd', '2019-01-17 10:31:40', '内网IP|0|0|内网IP|内网IP', '127.0.0.1');
INSERT INTO `t_login_log` VALUES ('jack', '2019-01-17 10:41:14', '内网IP|0|0|内网IP|内网IP', '127.0.0.1');
INSERT INTO `t_login_log` VALUES ('abcd', '2019-01-17 10:47:48', '内网IP|0|0|内网IP|内网IP', '127.0.0.1');
INSERT INTO `t_login_log` VALUES ('abcd', '2019-01-17 10:48:06', '内网IP|0|0|内网IP|内网IP', '127.0.0.1');
INSERT INTO `t_login_log` VALUES ('abcd', '2019-01-17 10:48:44', '内网IP|0|0|内网IP|内网IP', '127.0.0.1');
INSERT INTO `t_login_log` VALUES ('abcd', '2019-01-17 10:51:35', '内网IP|0|0|内网IP|内网IP', '127.0.0.1');
INSERT INTO `t_login_log` VALUES ('wuyouzhugu', '2019-01-17 10:54:56', '内网IP|0|0|内网IP|内网IP', '127.0.0.1');
INSERT INTO `t_login_log` VALUES ('mrbird', '2019-01-17 10:56:53', '内网IP|0|0|内网IP|内网IP', '127.0.0.1');
INSERT INTO `t_login_log` VALUES ('mrbird', '2019-01-17 10:59:15', '内网IP|0|0|内网IP|内网IP', '127.0.0.1');
INSERT INTO `t_login_log` VALUES ('mrbird', '2019-01-17 10:59:53', '内网IP|0|0|内网IP|内网IP', '127.0.0.1');
INSERT INTO `t_login_log` VALUES ('mrbird', '2019-01-17 11:01:54', '内网IP|0|0|内网IP|内网IP', '127.0.0.1');
INSERT INTO `t_login_log` VALUES ('mrbird', '2019-01-17 11:08:43', '内网IP|0|0|内网IP|内网IP', '127.0.0.1');
INSERT INTO `t_login_log` VALUES ('mrbird', '2019-01-17 11:12:55', '内网IP|0|0|内网IP|内网IP', '127.0.0.1');
INSERT INTO `t_login_log` VALUES ('mrbird', '2019-01-17 11:13:21', '内网IP|0|0|内网IP|内网IP', '127.0.0.1');
INSERT INTO `t_login_log` VALUES ('mrbird', '2019-01-18 00:56:15', '内网IP|0|0|内网IP|内网IP', '127.0.0.1');
INSERT INTO `t_login_log` VALUES ('mrbird', '2019-01-18 01:21:54', '内网IP|0|0|内网IP|内网IP', '127.0.0.1');
INSERT INTO `t_login_log` VALUES ('mrbird', '2019-01-18 01:33:06', '内网IP|0|0|内网IP|内网IP', '127.0.0.1');
INSERT INTO `t_login_log` VALUES ('mrbird', '2019-01-18 02:03:32', '内网IP|0|0|内网IP|内网IP', '127.0.0.1');
INSERT INTO `t_login_log` VALUES ('mrbird', '2019-01-18 02:27:12', '内网IP|0|0|内网IP|内网IP', '127.0.0.1');
INSERT INTO `t_login_log` VALUES ('mrbird', '2019-01-18 02:36:26', '内网IP|0|0|内网IP|内网IP', '127.0.0.1');
INSERT INTO `t_login_log` VALUES ('mrbird', '2019-01-18 02:41:49', '内网IP|0|0|内网IP|内网IP', '127.0.0.1');
INSERT INTO `t_login_log` VALUES ('mrbird', '2019-01-18 02:53:12', '内网IP|0|0|内网IP|内网IP', '127.0.0.1');
INSERT INTO `t_login_log` VALUES ('mrbird', '2019-01-18 02:56:00', '内网IP|0|0|内网IP|内网IP', '127.0.0.1');
INSERT INTO `t_login_log` VALUES ('mrbird', '2019-01-18 03:00:35', '内网IP|0|0|内网IP|内网IP', '127.0.0.1');
INSERT INTO `t_login_log` VALUES ('mrbird', '2019-01-18 05:36:02', '内网IP|0|0|内网IP|内网IP', '127.0.0.1');
INSERT INTO `t_login_log` VALUES ('mrbird', '2019-01-18 05:57:39', '内网IP|0|0|内网IP|内网IP', '127.0.0.1');
INSERT INTO `t_login_log` VALUES ('mrbird', '2019-01-18 06:50:27', '内网IP|0|0|内网IP|内网IP', '127.0.0.1');
INSERT INTO `t_login_log` VALUES ('mrbird', '2019-01-18 07:09:37', '内网IP|0|0|内网IP|内网IP', '127.0.0.1');
INSERT INTO `t_login_log` VALUES ('mrbird', '2019-01-18 08:57:02', '内网IP|0|0|内网IP|内网IP', '127.0.0.1');
INSERT INTO `t_login_log` VALUES ('mrbird', '2019-01-18 09:00:06', '内网IP|0|0|内网IP|内网IP', '127.0.0.1');
INSERT INTO `t_login_log` VALUES ('mrbird', '2019-01-19 01:13:17', '内网IP|0|0|内网IP|内网IP', '127.0.0.1');
INSERT INTO `t_login_log` VALUES ('mrbird', '2019-01-19 01:14:42', '内网IP|0|0|内网IP|内网IP', '127.0.0.1');
INSERT INTO `t_login_log` VALUES ('mrbird', '2019-01-19 01:50:38', '内网IP|0|0|内网IP|内网IP', '127.0.0.1');
INSERT INTO `t_login_log` VALUES ('mrbird', '2019-01-19 02:05:44', '内网IP|0|0|内网IP|内网IP', '127.0.0.1');
INSERT INTO `t_login_log` VALUES ('mrbird', '2019-01-19 02:06:52', '内网IP|0|0|内网IP|内网IP', '127.0.0.1');
INSERT INTO `t_login_log` VALUES ('mrbird', '2019-01-19 02:11:47', '内网IP|0|0|内网IP|内网IP', '127.0.0.1');
INSERT INTO `t_login_log` VALUES ('mrbird', '2019-01-19 02:12:13', '内网IP|0|0|内网IP|内网IP', '127.0.0.1');
INSERT INTO `t_login_log` VALUES ('mrbird', '2019-01-19 02:12:27', '内网IP|0|0|内网IP|内网IP', '127.0.0.1');
INSERT INTO `t_login_log` VALUES ('mrbird', '2019-01-19 02:33:21', '内网IP|0|0|内网IP|内网IP', '127.0.0.1');
INSERT INTO `t_login_log` VALUES ('mrbird', '2019-01-19 02:40:19', '内网IP|0|0|内网IP|内网IP', '127.0.0.1');
INSERT INTO `t_login_log` VALUES ('mrbird', '2019-01-21 03:05:20', '内网IP|0|0|内网IP|内网IP', '127.0.0.1');
INSERT INTO `t_login_log` VALUES ('mrbird', '2019-01-21 03:16:03', '内网IP|0|0|内网IP|内网IP', '127.0.0.1');
INSERT INTO `t_login_log` VALUES ('mrbird', '2019-01-21 05:43:32', '内网IP|0|0|内网IP|内网IP', '127.0.0.1');
INSERT INTO `t_login_log` VALUES ('mrbird', '2019-01-21 05:44:20', '内网IP|0|0|内网IP|内网IP', '127.0.0.1');
INSERT INTO `t_login_log` VALUES ('mrbird', '2019-01-21 06:47:04', '内网IP|0|0|内网IP|内网IP', '127.0.0.1');
INSERT INTO `t_login_log` VALUES ('mrbird', '2019-01-21 06:49:51', '内网IP|0|0|内网IP|内网IP', '127.0.0.1');
INSERT INTO `t_login_log` VALUES ('mrbird', '2019-01-21 07:48:30', '内网IP|0|0|内网IP|内网IP', '127.0.0.1');
INSERT INTO `t_login_log` VALUES ('mrbird', '2019-01-21 07:50:34', '内网IP|0|0|内网IP|内网IP', '127.0.0.1');
INSERT INTO `t_login_log` VALUES ('mrbird', '2019-01-21 07:55:22', '内网IP|0|0|内网IP|内网IP', '127.0.0.1');
INSERT INTO `t_login_log` VALUES ('mrbird', '2019-01-21 07:57:39', '内网IP|0|0|内网IP|内网IP', '127.0.0.1');
INSERT INTO `t_login_log` VALUES ('mrbird', '2019-01-21 08:35:07', '内网IP|0|0|内网IP|内网IP', '127.0.0.1');
INSERT INTO `t_login_log` VALUES ('mrbird', '2019-01-21 08:58:37', '内网IP|0|0|内网IP|内网IP', '127.0.0.1');
INSERT INTO `t_login_log` VALUES ('mrbird', '2019-01-21 11:05:26', '内网IP|0|0|内网IP|内网IP', '127.0.0.1');
INSERT INTO `t_login_log` VALUES ('mrbird', '2019-01-22 00:47:44', '内网IP|0|0|内网IP|内网IP', '127.0.0.1');
INSERT INTO `t_login_log` VALUES ('mrbird', '2019-01-22 01:02:23', '内网IP|0|0|内网IP|内网IP', '127.0.0.1');
INSERT INTO `t_login_log` VALUES ('mrbird', '2019-01-22 01:38:19', '内网IP|0|0|内网IP|内网IP', '127.0.0.1');
INSERT INTO `t_login_log` VALUES ('mrbird', '2019-01-22 02:39:18', '内网IP|0|0|内网IP|内网IP', '127.0.0.1');
INSERT INTO `t_login_log` VALUES ('mrbird', '2019-01-22 05:39:47', '内网IP|0|0|内网IP|内网IP', '127.0.0.1');
INSERT INTO `t_login_log` VALUES ('mrbird', '2019-01-22 05:44:25', '内网IP|0|0|内网IP|内网IP', '127.0.0.1');
INSERT INTO `t_login_log` VALUES ('mrbird', '2019-01-22 06:04:18', '内网IP|0|0|内网IP|内网IP', '127.0.0.1');
INSERT INTO `t_login_log` VALUES ('mrbird', '2019-01-22 06:04:34', '内网IP|0|0|内网IP|内网IP', '127.0.0.1');
INSERT INTO `t_login_log` VALUES ('mrbird', '2019-01-22 06:13:00', '内网IP|0|0|内网IP|内网IP', '127.0.0.1');
INSERT INTO `t_login_log` VALUES ('mrbird', '2019-01-22 06:13:17', '内网IP|0|0|内网IP|内网IP', '127.0.0.1');
INSERT INTO `t_login_log` VALUES ('scott', '2019-01-22 06:13:43', '内网IP|0|0|内网IP|内网IP', '127.0.0.1');
INSERT INTO `t_login_log` VALUES ('scott', '2019-01-22 06:14:41', '内网IP|0|0|内网IP|内网IP', '127.0.0.1');
INSERT INTO `t_login_log` VALUES ('scott', '2019-01-22 06:15:10', '内网IP|0|0|内网IP|内网IP', '127.0.0.1');
INSERT INTO `t_login_log` VALUES ('hello', '2019-01-22 06:15:48', '内网IP|0|0|内网IP|内网IP', '127.0.0.1');
INSERT INTO `t_login_log` VALUES ('hello', '2019-01-22 06:17:19', '内网IP|0|0|内网IP|内网IP', '127.0.0.1');
INSERT INTO `t_login_log` VALUES ('hello', '2019-01-22 06:18:39', '内网IP|0|0|内网IP|内网IP', '127.0.0.1');
INSERT INTO `t_login_log` VALUES ('mrbird', '2019-01-22 06:19:03', '内网IP|0|0|内网IP|内网IP', '127.0.0.1');
INSERT INTO `t_login_log` VALUES ('mrbird', '2019-01-22 06:20:48', '内网IP|0|0|内网IP|内网IP', '127.0.0.1');
INSERT INTO `t_login_log` VALUES ('mrbird', '2019-01-22 07:04:26', '内网IP|0|0|内网IP|内网IP', '127.0.0.1');
INSERT INTO `t_login_log` VALUES ('mrbird', '2019-01-22 07:06:07', '内网IP|0|0|内网IP|内网IP', '127.0.0.1');
INSERT INTO `t_login_log` VALUES ('mrbird', '2019-01-22 07:06:57', '内网IP|0|0|内网IP|内网IP', '127.0.0.1');
INSERT INTO `t_login_log` VALUES ('mrbird', '2019-01-22 08:37:28', '内网IP|0|0|内网IP|内网IP', '127.0.0.1');
INSERT INTO `t_login_log` VALUES ('mrbird', '2019-01-22 10:29:50', '内网IP|0|0|内网IP|内网IP', '127.0.0.1');
INSERT INTO `t_login_log` VALUES ('mrbird', '2019-01-23 00:50:47', '内网IP|0|0|内网IP|内网IP', '127.0.0.1');
INSERT INTO `t_login_log` VALUES ('mrbird', '2019-01-23 01:51:42', '内网IP|0|0|内网IP|内网IP', '127.0.0.1');
INSERT INTO `t_login_log` VALUES ('mrbird', '2019-01-23 02:58:49', '内网IP|0|0|内网IP|内网IP', '127.0.0.1');
INSERT INTO `t_login_log` VALUES ('mrbird', '2019-01-23 06:11:14', '内网IP|0|0|内网IP|内网IP', '127.0.0.1');
INSERT INTO `t_login_log` VALUES ('scott', '2019-01-23 06:46:30', '内网IP|0|0|内网IP|内网IP', '127.0.0.1');
INSERT INTO `t_login_log` VALUES ('mrbird', '2019-01-23 06:48:25', '内网IP|0|0|内网IP|内网IP', '127.0.0.1');
INSERT INTO `t_login_log` VALUES ('scott', '2019-01-23 06:51:20', '内网IP|0|0|内网IP|内网IP', '127.0.0.1');
INSERT INTO `t_login_log` VALUES ('mrbird', '2019-01-23 07:30:25', '内网IP|0|0|内网IP|内网IP', '127.0.0.1');
INSERT INTO `t_login_log` VALUES ('scott', '2019-01-23 07:34:28', '内网IP|0|0|内网IP|内网IP', '127.0.0.1');
INSERT INTO `t_login_log` VALUES ('jack', '2019-01-23 07:35:56', '内网IP|0|0|内网IP|内网IP', '127.0.0.1');
INSERT INTO `t_login_log` VALUES ('mrbird', '2019-01-23 07:36:46', '内网IP|0|0|内网IP|内网IP', '127.0.0.1');
INSERT INTO `t_login_log` VALUES ('mrbird', '2019-01-24 01:30:13', '中国|华东|福建省|福州市|联通', '218.104.237.213');
INSERT INTO `t_login_log` VALUES ('mrbird', '2019-01-24 01:42:03', '中国|华东|福建省|福州市|联通', '218.104.237.213');
INSERT INTO `t_login_log` VALUES ('mrbird', '2019-01-24 01:48:10', '中国|华东|福建省|福州市|联通', '218.104.237.213');
INSERT INTO `t_login_log` VALUES ('mrbird', '2019-01-24 01:50:12', '中国|华东|福建省|福州市|联通', '218.104.237.213');
INSERT INTO `t_login_log` VALUES ('mrbird', '2019-01-24 01:50:28', '中国|华东|福建省|福州市|联通', '218.104.237.213');
INSERT INTO `t_login_log` VALUES ('mrbird', '2019-01-24 02:57:48', '中国|华东|福建省|福州市|联通', '218.104.237.213');
INSERT INTO `t_login_log` VALUES ('mrbird', '2019-01-24 03:02:53', '中国|华东|福建省|福州市|联通', '218.104.237.213');
INSERT INTO `t_login_log` VALUES ('scott', '2019-01-24 03:14:51', '中国|华东|福建省|厦门市|电信', '120.36.172.239');
INSERT INTO `t_login_log` VALUES ('mrbird', '2019-01-24 03:41:10', '中国|华东|福建省|福州市|联通', '218.104.237.213');
INSERT INTO `t_login_log` VALUES ('mrbird', '2019-01-24 05:38:30', '中国|华东|福建省|福州市|联通', '218.104.237.213');
INSERT INTO `t_login_log` VALUES ('mrbird', '2019-01-24 08:50:44', '中国|华东|福建省|福州市|联通', '218.104.237.213');
INSERT INTO `t_login_log` VALUES ('jack', '2019-01-24 08:52:03', '中国|华东|福建省|福州市|联通', '218.104.237.213');
INSERT INTO `t_login_log` VALUES ('scott', '2019-01-24 08:52:31', '中国|华东|福建省|福州市|联通', '218.104.237.213');
INSERT INTO `t_login_log` VALUES ('mrbird', '2019-01-24 11:12:33', '中国|华东|福建省|福州市|联通', '218.104.237.213');
INSERT INTO `t_login_log` VALUES ('scott', '2019-01-24 11:24:04', '中国|华东|福建省|福州市|联通', '218.104.237.213');
INSERT INTO `t_login_log` VALUES ('mrbird', '2019-01-24 11:47:56', '中国|华东|福建省|福州市|电信', '27.155.195.27');
INSERT INTO `t_login_log` VALUES ('scott', '2019-01-24 11:48:28', '中国|华东|福建省|福州市|电信', '27.155.195.27');
INSERT INTO `t_login_log` VALUES ('mrbird', '2019-01-28 01:53:06', '中国|华东|福建省|福州市|联通', '218.104.237.213');
INSERT INTO `t_login_log` VALUES ('mrbird', '2019-01-28 01:53:58', '中国|华东|福建省|福州市|联通', '218.104.237.213');
INSERT INTO `t_login_log` VALUES ('scott', '2019-01-28 01:54:09', '中国|华东|福建省|福州市|联通', '218.104.237.213');
INSERT INTO `t_login_log` VALUES ('mrbird', '2022-03-20 20:35:28', '', '127.0.0.1');
INSERT INTO `t_login_log` VALUES ('caigou', '2022-03-20 22:16:36', '', '127.0.0.1');
INSERT INTO `t_login_log` VALUES ('caigou', '2022-03-21 08:41:45', '', '127.0.0.1');
INSERT INTO `t_login_log` VALUES ('admin', '2022-03-21 08:55:40', '', '127.0.0.1');
INSERT INTO `t_login_log` VALUES ('mrbird', '2022-03-21 08:56:37', '', '127.0.0.1');
INSERT INTO `t_login_log` VALUES ('admin', '2022-03-21 09:02:26', '', '127.0.0.1');
INSERT INTO `t_login_log` VALUES ('admin', '2022-03-21 10:05:48', '', '127.0.0.1');
INSERT INTO `t_login_log` VALUES ('caigou', '2022-03-21 10:19:46', '', '127.0.0.1');
INSERT INTO `t_login_log` VALUES ('caigou', '2022-03-21 11:25:24', '', '127.0.0.1');
INSERT INTO `t_login_log` VALUES ('mrbird', '2022-03-21 12:41:20', '', '127.0.0.1');
INSERT INTO `t_login_log` VALUES ('caigou', '2022-03-21 12:41:35', '', '127.0.0.1');
INSERT INTO `t_login_log` VALUES ('caigou', '2022-03-21 15:50:31', '', '127.0.0.1');
INSERT INTO `t_login_log` VALUES ('mrbird', '2022-03-21 15:52:02', '', '127.0.0.1');
INSERT INTO `t_login_log` VALUES ('caigou', '2022-03-21 15:57:59', '', '127.0.0.1');
INSERT INTO `t_login_log` VALUES ('mrbird', '2022-03-21 15:58:11', '', '127.0.0.1');
INSERT INTO `t_login_log` VALUES ('caigou', '2022-03-21 15:58:32', '', '127.0.0.1');
INSERT INTO `t_login_log` VALUES ('caigou', '2022-03-21 18:04:05', '', '127.0.0.1');
INSERT INTO `t_login_log` VALUES ('admin', '2022-03-21 19:08:24', '', '127.0.0.1');
INSERT INTO `t_login_log` VALUES ('admin', '2022-03-21 21:05:33', '', '127.0.0.1');
INSERT INTO `t_login_log` VALUES ('caigou', '2022-03-21 21:49:31', '', '127.0.0.1');
INSERT INTO `t_login_log` VALUES ('caigou', '2022-03-22 08:01:43', '', '127.0.0.1');
INSERT INTO `t_login_log` VALUES ('admin', '2022-03-22 08:17:47', '', '127.0.0.1');
INSERT INTO `t_login_log` VALUES ('caigou', '2022-03-22 08:19:51', '', '127.0.0.1');
INSERT INTO `t_login_log` VALUES ('admin', '2022-03-22 08:25:26', '', '127.0.0.1');
INSERT INTO `t_login_log` VALUES ('admin', '2022-03-22 09:50:21', '', '127.0.0.1');
INSERT INTO `t_login_log` VALUES ('admin', '2022-03-22 11:11:14', '', '127.0.0.1');
INSERT INTO `t_login_log` VALUES ('admin', '2022-03-22 12:31:20', '', '127.0.0.1');
INSERT INTO `t_login_log` VALUES ('admin', '2022-03-22 14:47:57', '', '127.0.0.1');
INSERT INTO `t_login_log` VALUES ('admin', '2022-03-22 17:03:23', '', '127.0.0.1');
INSERT INTO `t_login_log` VALUES ('admin', '2022-03-22 18:18:19', '', '127.0.0.1');
INSERT INTO `t_login_log` VALUES ('admin', '2022-03-22 19:20:16', '', '127.0.0.1');
INSERT INTO `t_login_log` VALUES ('caigou', '2022-03-22 19:22:46', '', '127.0.0.1');
INSERT INTO `t_login_log` VALUES ('admin', '2022-03-22 19:23:50', '', '127.0.0.1');
INSERT INTO `t_login_log` VALUES ('lisi', '2022-03-22 22:04:21', '', '127.0.0.1');
INSERT INTO `t_login_log` VALUES ('mrbird', '2022-03-22 22:06:30', '', '127.0.0.1');
INSERT INTO `t_login_log` VALUES ('lisi', '2022-03-22 22:06:59', '', '127.0.0.1');
INSERT INTO `t_login_log` VALUES ('lisi', '2022-03-23 08:09:21', '', '127.0.0.1');
INSERT INTO `t_login_log` VALUES ('lisi', '2022-03-23 08:09:21', '', '127.0.0.1');
INSERT INTO `t_login_log` VALUES ('lisi', '2022-03-23 09:29:26', '', '127.0.0.1');
INSERT INTO `t_login_log` VALUES ('admin', '2022-03-23 09:52:36', '', '127.0.0.1');
INSERT INTO `t_login_log` VALUES ('lisi', '2022-03-23 10:41:03', '', '127.0.0.1');
INSERT INTO `t_login_log` VALUES ('admin', '2022-03-23 10:42:42', '', '127.0.0.1');
INSERT INTO `t_login_log` VALUES ('lisi', '2022-03-23 10:46:48', '', '127.0.0.1');
INSERT INTO `t_login_log` VALUES ('admin', '2022-03-23 10:46:57', '', '127.0.0.1');
INSERT INTO `t_login_log` VALUES ('lisi', '2022-03-23 10:56:59', '', '127.0.0.1');
INSERT INTO `t_login_log` VALUES ('caigou', '2022-03-23 12:16:44', '', '127.0.0.1');
INSERT INTO `t_login_log` VALUES ('admin', '2022-03-23 15:03:00', '', '127.0.0.1');
INSERT INTO `t_login_log` VALUES ('admin', '2022-03-23 16:05:36', '', '127.0.0.1');
INSERT INTO `t_login_log` VALUES ('lisi', '2022-03-23 16:09:43', '', '127.0.0.1');
INSERT INTO `t_login_log` VALUES ('admin', '2022-03-23 16:29:07', '', '127.0.0.1');
INSERT INTO `t_login_log` VALUES ('lisi', '2022-03-23 16:32:30', '', '127.0.0.1');
INSERT INTO `t_login_log` VALUES ('admin', '2022-03-23 16:33:38', '', '127.0.0.1');
INSERT INTO `t_login_log` VALUES ('lisi', '2022-03-23 16:39:58', '', '127.0.0.1');
INSERT INTO `t_login_log` VALUES ('caigou', '2022-03-23 16:48:55', '', '127.0.0.1');
INSERT INTO `t_login_log` VALUES ('admin', '2022-03-23 16:50:19', '', '127.0.0.1');
INSERT INTO `t_login_log` VALUES ('lisi', '2022-03-23 16:52:53', '', '127.0.0.1');
INSERT INTO `t_login_log` VALUES ('mrbird', '2022-03-23 20:07:37', '', '127.0.0.1');
INSERT INTO `t_login_log` VALUES ('admin', '2022-03-24 08:32:24', '', '127.0.0.1');
INSERT INTO `t_login_log` VALUES ('mrbird', '2022-03-24 08:36:20', '', '127.0.0.1');
INSERT INTO `t_login_log` VALUES ('admin', '2022-03-24 08:45:24', '', '127.0.0.1');
INSERT INTO `t_login_log` VALUES ('mrbird', '2022-03-24 08:46:43', '', '127.0.0.1');
INSERT INTO `t_login_log` VALUES ('admin', '2022-03-24 08:48:02', '', '127.0.0.1');
INSERT INTO `t_login_log` VALUES ('admin', '2022-03-24 10:13:02', '', '127.0.0.1');
INSERT INTO `t_login_log` VALUES ('lisi', '2022-03-24 10:37:33', '', '127.0.0.1');
INSERT INTO `t_login_log` VALUES ('admin', '2022-03-24 10:52:17', '', '127.0.0.1');
INSERT INTO `t_login_log` VALUES ('admin', '2022-03-28 21:31:51', '', '127.0.0.1');
INSERT INTO `t_login_log` VALUES ('admin', '2022-03-28 21:34:16', '', '127.0.0.1');

-- ----------------------------
-- Table structure for t_menu
-- ----------------------------
DROP TABLE IF EXISTS `t_menu`;
CREATE TABLE `t_menu`  (
  `MENU_ID` bigint(0) NOT NULL AUTO_INCREMENT COMMENT '菜单/按钮ID',
  `PARENT_ID` bigint(0) NOT NULL COMMENT '上级菜单ID',
  `MENU_NAME` varchar(50) CHARACTER SET utf8 COLLATE utf8_general_ci NOT NULL COMMENT '菜单/按钮名称',
  `PATH` varchar(255) CHARACTER SET utf8 COLLATE utf8_general_ci NULL DEFAULT NULL COMMENT '对应路由path',
  `COMPONENT` varchar(255) CHARACTER SET utf8 COLLATE utf8_general_ci NULL DEFAULT NULL COMMENT '对应路由组件component',
  `PERMS` varchar(50) CHARACTER SET utf8 COLLATE utf8_general_ci NULL DEFAULT NULL COMMENT '权限标识',
  `ICON` varchar(50) CHARACTER SET utf8 COLLATE utf8_general_ci NULL DEFAULT NULL COMMENT '图标',
  `TYPE` char(2) CHARACTER SET utf8 COLLATE utf8_general_ci NOT NULL COMMENT '类型 0菜单 1按钮',
  `ORDER_NUM` double(20, 0) NULL DEFAULT NULL COMMENT '排序',
  `CREATE_TIME` datetime(0) NOT NULL COMMENT '创建时间',
  `MODIFY_TIME` datetime(0) NULL DEFAULT NULL COMMENT '修改时间',
  PRIMARY KEY (`MENU_ID`) USING BTREE
) ENGINE = InnoDB AUTO_INCREMENT = 161 CHARACTER SET = utf8 COLLATE = utf8_general_ci ROW_FORMAT = Dynamic;

-- ----------------------------
-- Records of t_menu
-- ----------------------------
INSERT INTO `t_menu` VALUES (1, 0, '系统管理', '/system', 'PageView', NULL, 'appstore-o', '0', 1, '2017-12-27 16:39:07', '2019-01-05 11:13:14');
INSERT INTO `t_menu` VALUES (2, 0, '系统监控', '/monitor', 'PageView', NULL, 'dashboard', '0', 2, '2017-12-27 16:45:51', '2019-01-23 06:27:12');
INSERT INTO `t_menu` VALUES (3, 1, '用户管理', '/system/user', 'system/user/User', 'user:view', '', '0', 1, '2017-12-27 16:47:13', '2019-01-22 06:45:55');
INSERT INTO `t_menu` VALUES (4, 1, '角色管理', '/system/role', 'system/role/Role', 'role:view', '', '0', 2, '2017-12-27 16:48:09', '2018-04-25 09:01:12');
INSERT INTO `t_menu` VALUES (5, 1, '菜单管理', '/system/menu', 'system/menu/Menu', 'menu:view', '', '0', 3, '2017-12-27 16:48:57', '2018-04-25 09:01:30');
INSERT INTO `t_menu` VALUES (6, 1, '部门管理', '/system/dept', 'system/dept/Dept', 'dept:view', '', '0', 4, '2017-12-27 16:57:33', '2018-04-25 09:01:40');
INSERT INTO `t_menu` VALUES (8, 2, '在线用户', '/monitor/online', 'monitor/Online', 'user:online', '', '0', 1, '2017-12-27 16:59:33', '2018-04-25 09:02:04');
INSERT INTO `t_menu` VALUES (10, 2, '系统日志', '/monitor/systemlog', 'monitor/SystemLog', 'log:view', '', '0', 2, '2017-12-27 17:00:50', '2018-04-25 09:02:18');
INSERT INTO `t_menu` VALUES (11, 3, '新增用户', '', '', 'user:add', NULL, '1', NULL, '2017-12-27 17:02:58', NULL);
INSERT INTO `t_menu` VALUES (12, 3, '修改用户', '', '', 'user:update', NULL, '1', NULL, '2017-12-27 17:04:07', NULL);
INSERT INTO `t_menu` VALUES (13, 3, '删除用户', '', '', 'user:delete', NULL, '1', NULL, '2017-12-27 17:04:58', NULL);
INSERT INTO `t_menu` VALUES (14, 4, '新增角色', '', '', 'role:add', NULL, '1', NULL, '2017-12-27 17:06:38', NULL);
INSERT INTO `t_menu` VALUES (15, 4, '修改角色', '', '', 'role:update', NULL, '1', NULL, '2017-12-27 17:06:38', NULL);
INSERT INTO `t_menu` VALUES (16, 4, '删除角色', '', '', 'role:delete', NULL, '1', NULL, '2017-12-27 17:06:38', NULL);
INSERT INTO `t_menu` VALUES (17, 5, '新增菜单', '', '', 'menu:add', NULL, '1', NULL, '2017-12-27 17:08:02', NULL);
INSERT INTO `t_menu` VALUES (18, 5, '修改菜单', '', '', 'menu:update', NULL, '1', NULL, '2017-12-27 17:08:02', NULL);
INSERT INTO `t_menu` VALUES (19, 5, '删除菜单', '', '', 'menu:delete', NULL, '1', NULL, '2017-12-27 17:08:02', NULL);
INSERT INTO `t_menu` VALUES (20, 6, '新增部门', '', '', 'dept:add', NULL, '1', NULL, '2017-12-27 17:09:24', NULL);
INSERT INTO `t_menu` VALUES (21, 6, '修改部门', '', '', 'dept:update', NULL, '1', NULL, '2017-12-27 17:09:24', NULL);
INSERT INTO `t_menu` VALUES (22, 6, '删除部门', '', '', 'dept:delete', NULL, '1', NULL, '2017-12-27 17:09:24', NULL);
INSERT INTO `t_menu` VALUES (23, 8, '踢出用户', '', '', 'user:kickout', NULL, '1', NULL, '2017-12-27 17:11:13', NULL);
INSERT INTO `t_menu` VALUES (24, 10, '删除日志', '', '', 'log:delete', NULL, '1', NULL, '2017-12-27 17:11:45', NULL);
INSERT INTO `t_menu` VALUES (58, 0, '网络资源', '/web', 'PageView', NULL, 'compass', '0', 4, '2018-01-12 15:28:48', '2018-01-22 19:49:26');
INSERT INTO `t_menu` VALUES (59, 58, '天气查询', '/web/weather', 'web/Weather', 'weather:view', '', '0', 1, '2018-01-12 15:40:02', '2019-01-22 05:43:19');
INSERT INTO `t_menu` VALUES (61, 58, '每日一文', '/web/dailyArticle', 'web/DailyArticle', 'article:view', '', '0', 2, '2018-01-15 17:17:14', '2019-01-22 05:43:27');
INSERT INTO `t_menu` VALUES (64, 1, '字典管理', '/system/dict', 'system/dict/Dict', 'dict:view', '', '0', 5, '2018-01-18 10:38:25', '2018-04-25 09:01:50');
INSERT INTO `t_menu` VALUES (65, 64, '新增字典', '', '', 'dict:add', NULL, '1', NULL, '2018-01-18 19:10:08', NULL);
INSERT INTO `t_menu` VALUES (66, 64, '修改字典', '', '', 'dict:update', NULL, '1', NULL, '2018-01-18 19:10:27', NULL);
INSERT INTO `t_menu` VALUES (67, 64, '删除字典', '', '', 'dict:delete', NULL, '1', NULL, '2018-01-18 19:10:47', NULL);
INSERT INTO `t_menu` VALUES (81, 58, '影视资讯', '/web/movie', 'EmptyPageView', NULL, NULL, '0', 3, '2018-01-22 14:12:59', '2019-01-22 05:43:35');
INSERT INTO `t_menu` VALUES (82, 81, '正在热映', '/web/movie/hot', 'web/MovieHot', 'movie:hot', '', '0', 1, '2018-01-22 14:13:47', '2019-01-22 05:43:52');
INSERT INTO `t_menu` VALUES (83, 81, '即将上映', '/web/movie/coming', 'web/MovieComing', 'movie:coming', '', '0', 2, '2018-01-22 14:14:36', '2019-01-22 05:43:58');
INSERT INTO `t_menu` VALUES (101, 0, '任务调度', '/job', 'PageView', NULL, 'clock-circle-o', '0', 3, '2018-01-11 15:52:57', NULL);
INSERT INTO `t_menu` VALUES (102, 101, '定时任务', '/job/job', 'quartz/job/Job', 'job:view', '', '0', 1, '2018-02-24 15:53:53', '2019-01-22 05:42:50');
INSERT INTO `t_menu` VALUES (103, 102, '新增任务', '', '', 'job:add', NULL, '1', NULL, '2018-02-24 15:55:10', NULL);
INSERT INTO `t_menu` VALUES (104, 102, '修改任务', '', '', 'job:update', NULL, '1', NULL, '2018-02-24 15:55:53', NULL);
INSERT INTO `t_menu` VALUES (105, 102, '删除任务', '', '', 'job:delete', NULL, '1', NULL, '2018-02-24 15:56:18', NULL);
INSERT INTO `t_menu` VALUES (106, 102, '暂停任务', '', '', 'job:pause', NULL, '1', NULL, '2018-02-24 15:57:08', NULL);
INSERT INTO `t_menu` VALUES (107, 102, '恢复任务', '', '', 'job:resume', NULL, '1', NULL, '2018-02-24 15:58:21', NULL);
INSERT INTO `t_menu` VALUES (108, 102, '立即执行任务', '', '', 'job:run', NULL, '1', NULL, '2018-02-24 15:59:45', NULL);
INSERT INTO `t_menu` VALUES (109, 101, '调度日志', '/job/log', 'quartz/log/JobLog', 'jobLog:view', '', '0', 2, '2018-02-24 16:00:45', '2019-01-22 05:42:59');
INSERT INTO `t_menu` VALUES (110, 109, '删除日志', '', '', 'jobLog:delete', NULL, '1', NULL, '2018-02-24 16:01:21', NULL);
INSERT INTO `t_menu` VALUES (113, 2, 'Redis监控', '/monitor/redis/info', 'monitor/RedisInfo', 'redis:view', '', '0', 3, '2018-06-28 14:29:42', NULL);
INSERT INTO `t_menu` VALUES (121, 2, '请求追踪', '/monitor/httptrace', 'monitor/Httptrace', NULL, NULL, '0', 4, '2019-01-18 02:30:29', NULL);
INSERT INTO `t_menu` VALUES (122, 2, '系统信息', '/monitor/system', 'EmptyPageView', NULL, NULL, '0', 5, '2019-01-18 02:31:48', '2019-01-18 02:39:46');
INSERT INTO `t_menu` VALUES (123, 122, 'Tomcat信息', '/monitor/system/tomcatinfo', 'monitor/TomcatInfo', NULL, NULL, '0', 2, '2019-01-18 02:32:53', '2019-01-18 02:46:57');
INSERT INTO `t_menu` VALUES (124, 122, 'JVM信息', '/monitor/system/jvminfo', 'monitor/JvmInfo', NULL, NULL, '0', 1, '2019-01-18 02:33:30', '2019-01-18 02:46:51');
INSERT INTO `t_menu` VALUES (127, 122, '服务器信息', '/monitor/system/info', 'monitor/SystemInfo', NULL, NULL, '0', 3, '2019-01-21 07:53:43', '2019-01-21 07:57:00');
INSERT INTO `t_menu` VALUES (128, 0, '其他模块', '/others', 'PageView', NULL, 'coffee', '0', 5, '2019-01-22 06:49:59', '2019-01-22 06:50:13');
INSERT INTO `t_menu` VALUES (129, 128, '导入导出', '/others/excel', 'others/Excel', NULL, NULL, '0', 1, '2019-01-22 06:51:36', '2019-01-22 07:06:45');
INSERT INTO `t_menu` VALUES (130, 3, '导出Excel', NULL, NULL, 'user:export', NULL, '1', NULL, '2019-01-23 06:35:16', NULL);
INSERT INTO `t_menu` VALUES (131, 4, '导出Excel', NULL, NULL, 'role:export', NULL, '1', NULL, '2019-01-23 06:35:36', NULL);
INSERT INTO `t_menu` VALUES (132, 5, '导出Excel', NULL, NULL, 'menu:export', NULL, '1', NULL, '2019-01-23 06:36:05', NULL);
INSERT INTO `t_menu` VALUES (133, 6, '导出Excel', NULL, NULL, 'dept:export', NULL, '1', NULL, '2019-01-23 06:36:25', NULL);
INSERT INTO `t_menu` VALUES (134, 64, '导出Excel', NULL, NULL, 'dict:export', NULL, '1', NULL, '2019-01-23 06:36:43', NULL);
INSERT INTO `t_menu` VALUES (135, 3, '密码重置', NULL, NULL, 'user:reset', NULL, '1', NULL, '2019-01-23 06:37:00', NULL);
INSERT INTO `t_menu` VALUES (136, 10, '导出Excel', NULL, NULL, 'log:export', NULL, '1', NULL, '2019-01-23 06:37:27', NULL);
INSERT INTO `t_menu` VALUES (137, 102, '导出Excel', NULL, NULL, 'job:export', NULL, '1', NULL, '2019-01-23 06:37:59', NULL);
INSERT INTO `t_menu` VALUES (138, 109, '导出Excel', NULL, NULL, 'jobLog:export', NULL, '1', NULL, '2019-01-23 06:38:32', NULL);
INSERT INTO `t_menu` VALUES (139, 0, '库房管理', '/admin', 'PageView', NULL, 'inbox', '0', 6, '2022-03-20 20:37:35', '2022-03-24 08:36:52');
INSERT INTO `t_menu` VALUES (140, 0, '库房申请', '/stu', 'PageView', NULL, 'inbox', '0', 7, '2022-03-20 20:38:25', NULL);
INSERT INTO `t_menu` VALUES (141, 0, '采购管理', '/purchase', 'PageView', '', 'inbox', '0', 8, '2022-03-20 20:39:01', '2022-03-24 08:47:14');
INSERT INTO `t_menu` VALUES (142, 158, '采购申请', '/admin/rurchase', 'admin/rurchase/Rurchase', NULL, 'calendar', '0', 1, '2022-03-20 20:41:59', '2022-03-24 08:39:14');
INSERT INTO `t_menu` VALUES (143, 160, '耗材审批', '/admin/goods', 'admin/goods/Goods', NULL, 'credit-card', '0', 2, '2022-03-20 20:42:54', '2022-03-24 08:41:51');
INSERT INTO `t_menu` VALUES (144, 139, '入库管理', '/admin/stockput', 'admin/stockput/Stockput', NULL, 'export', '0', 3, '2022-03-20 20:44:13', NULL);
INSERT INTO `t_menu` VALUES (145, 139, '库房管理', '/admin/stock', 'admin/stock/Stock', NULL, 'table', '0', 4, '2022-03-20 20:45:01', NULL);
INSERT INTO `t_menu` VALUES (146, 139, '出库管理', '/admin/stockout', 'admin/stockout/Stockout', NULL, 'cluster', '0', 5, '2022-03-20 20:45:52', '2022-03-24 08:44:53');
INSERT INTO `t_menu` VALUES (147, 139, '出入库明细', '/admin/details', 'admin/details/Details', NULL, 'reconciliation', '0', 6, '2022-03-20 20:46:52', NULL);
INSERT INTO `t_menu` VALUES (148, 159, '学生管理', '/admin/student', 'admin/student/Student', NULL, 'team', '0', 7, '2022-03-20 20:47:51', '2022-03-24 08:40:29');
INSERT INTO `t_menu` VALUES (149, 139, '实验耗材管理', '/admin/combo', 'admin/combo/Combo', NULL, 'profile', '0', 8, '2022-03-20 20:48:48', '2022-03-24 08:43:40');
INSERT INTO `t_menu` VALUES (150, 161, '公告信息', '/admin/bulletin', 'admin/bulletin/Bulletin', NULL, 'notification', '0', 9, '2022-03-20 20:50:33', '2022-03-24 08:42:59');
INSERT INTO `t_menu` VALUES (151, 140, '个人信息', '/stu/user', 'stu/user/User', NULL, 'user', '0', 1, '2022-03-20 20:52:21', NULL);
INSERT INTO `t_menu` VALUES (152, 140, '耗材申请', '/stu/request', 'stu/request/Request', NULL, 'audit', '0', 2, '2022-03-20 20:54:01', NULL);
INSERT INTO `t_menu` VALUES (153, 140, '领取记录', '/stu/record', 'stu/record/Record', NULL, 'block', '0', 3, '2022-03-20 20:56:31', NULL);
INSERT INTO `t_menu` VALUES (154, 141, '库房信息', '/purchase/request', 'purchase/request/Request', NULL, 'select', '0', 1, '2022-03-20 20:58:21', '2022-03-24 08:47:25');
INSERT INTO `t_menu` VALUES (155, 141, '采购记录', '/purchase/record', 'purchase/record/Record', NULL, 'gateway', '0', 2, '2022-03-20 20:59:24', NULL);
INSERT INTO `t_menu` VALUES (156, 139, '耗材类型', '/admin/type', 'admin/type/Type', NULL, 'loading-3-quarters', '0', 10, '2022-03-21 09:02:14', NULL);
INSERT INTO `t_menu` VALUES (157, 141, '采购申请', '/purchase/rurchase', 'purchase/rurchase/Rurchase', NULL, 'calculator', '0', 3, '2022-03-21 15:54:28', NULL);
INSERT INTO `t_menu` VALUES (158, 0, '采购管理', '/caigou', 'PageView', NULL, 'file-done', '0', 9, '2022-03-24 08:38:41', NULL);
INSERT INTO `t_menu` VALUES (159, 0, '人员管理', '/student', 'PageView', NULL, 'user', '0', 10, '2022-03-24 08:40:18', NULL);
INSERT INTO `t_menu` VALUES (160, 0, '审批管理', '/audit', 'PageView', NULL, 'gateway', '0', 11, '2022-03-24 08:41:28', NULL);
INSERT INTO `t_menu` VALUES (161, 0, '公告管理', '/gonggao', 'PageView', NULL, 'message', '0', 12, '2022-03-24 08:42:44', NULL);

-- ----------------------------
-- Table structure for t_role
-- ----------------------------
DROP TABLE IF EXISTS `t_role`;
CREATE TABLE `t_role`  (
  `ROLE_ID` bigint(0) NOT NULL AUTO_INCREMENT COMMENT '角色ID',
  `ROLE_NAME` varchar(10) CHARACTER SET utf8 COLLATE utf8_general_ci NOT NULL COMMENT '角色名称',
  `REMARK` varchar(100) CHARACTER SET utf8 COLLATE utf8_general_ci NULL DEFAULT NULL COMMENT '角色描述',
  `CREATE_TIME` datetime(0) NOT NULL COMMENT '创建时间',
  `MODIFY_TIME` datetime(0) NULL DEFAULT NULL COMMENT '修改时间',
  PRIMARY KEY (`ROLE_ID`) USING BTREE
) ENGINE = InnoDB AUTO_INCREMENT = 76 CHARACTER SET = utf8 COLLATE = utf8_general_ci ROW_FORMAT = Dynamic;

-- ----------------------------
-- Records of t_role
-- ----------------------------
INSERT INTO `t_role` VALUES (1, '管理员', '管理员', '2017-12-27 16:23:11', '2019-01-23 06:45:29');
INSERT INTO `t_role` VALUES (2, '注册用户', '可查看，新增，导出', '2019-01-04 14:11:28', '2019-01-23 07:37:08');
INSERT INTO `t_role` VALUES (72, '普通用户', '只可查看，好可怜哦', '2019-01-23 07:33:20', NULL);
INSERT INTO `t_role` VALUES (74, '学员', '', '2022-03-20 21:05:44', '2022-03-22 22:06:53');
INSERT INTO `t_role` VALUES (75, '超级管理员', '', '2022-03-20 21:06:03', '2022-03-24 08:45:19');
INSERT INTO `t_role` VALUES (76, '采购员', '', '2022-03-20 21:06:13', '2022-03-21 15:58:19');

-- ----------------------------
-- Table structure for t_role_menu
-- ----------------------------
DROP TABLE IF EXISTS `t_role_menu`;
CREATE TABLE `t_role_menu`  (
  `ROLE_ID` bigint(0) NOT NULL,
  `MENU_ID` bigint(0) NOT NULL
) ENGINE = InnoDB CHARACTER SET = utf8 COLLATE = utf8_general_ci COMMENT = '角色菜单' ROW_FORMAT = Dynamic;

-- ----------------------------
-- Records of t_role_menu
-- ----------------------------
INSERT INTO `t_role_menu` VALUES (1, 1);
INSERT INTO `t_role_menu` VALUES (1, 3);
INSERT INTO `t_role_menu` VALUES (1, 11);
INSERT INTO `t_role_menu` VALUES (1, 12);
INSERT INTO `t_role_menu` VALUES (1, 13);
INSERT INTO `t_role_menu` VALUES (1, 4);
INSERT INTO `t_role_menu` VALUES (1, 14);
INSERT INTO `t_role_menu` VALUES (1, 15);
INSERT INTO `t_role_menu` VALUES (1, 16);
INSERT INTO `t_role_menu` VALUES (1, 5);
INSERT INTO `t_role_menu` VALUES (1, 17);
INSERT INTO `t_role_menu` VALUES (1, 18);
INSERT INTO `t_role_menu` VALUES (1, 19);
INSERT INTO `t_role_menu` VALUES (1, 6);
INSERT INTO `t_role_menu` VALUES (1, 20);
INSERT INTO `t_role_menu` VALUES (1, 21);
INSERT INTO `t_role_menu` VALUES (1, 22);
INSERT INTO `t_role_menu` VALUES (1, 64);
INSERT INTO `t_role_menu` VALUES (1, 65);
INSERT INTO `t_role_menu` VALUES (1, 66);
INSERT INTO `t_role_menu` VALUES (1, 67);
INSERT INTO `t_role_menu` VALUES (1, 2);
INSERT INTO `t_role_menu` VALUES (1, 8);
INSERT INTO `t_role_menu` VALUES (1, 23);
INSERT INTO `t_role_menu` VALUES (1, 10);
INSERT INTO `t_role_menu` VALUES (1, 24);
INSERT INTO `t_role_menu` VALUES (1, 113);
INSERT INTO `t_role_menu` VALUES (1, 121);
INSERT INTO `t_role_menu` VALUES (1, 122);
INSERT INTO `t_role_menu` VALUES (1, 124);
INSERT INTO `t_role_menu` VALUES (1, 123);
INSERT INTO `t_role_menu` VALUES (1, 125);
INSERT INTO `t_role_menu` VALUES (1, 101);
INSERT INTO `t_role_menu` VALUES (1, 102);
INSERT INTO `t_role_menu` VALUES (1, 103);
INSERT INTO `t_role_menu` VALUES (1, 104);
INSERT INTO `t_role_menu` VALUES (1, 105);
INSERT INTO `t_role_menu` VALUES (1, 106);
INSERT INTO `t_role_menu` VALUES (1, 107);
INSERT INTO `t_role_menu` VALUES (1, 108);
INSERT INTO `t_role_menu` VALUES (1, 109);
INSERT INTO `t_role_menu` VALUES (1, 110);
INSERT INTO `t_role_menu` VALUES (1, 58);
INSERT INTO `t_role_menu` VALUES (1, 59);
INSERT INTO `t_role_menu` VALUES (1, 61);
INSERT INTO `t_role_menu` VALUES (1, 81);
INSERT INTO `t_role_menu` VALUES (1, 82);
INSERT INTO `t_role_menu` VALUES (1, 83);
INSERT INTO `t_role_menu` VALUES (1, 127);
INSERT INTO `t_role_menu` VALUES (1, 128);
INSERT INTO `t_role_menu` VALUES (1, 129);
INSERT INTO `t_role_menu` VALUES (1, 130);
INSERT INTO `t_role_menu` VALUES (1, 135);
INSERT INTO `t_role_menu` VALUES (1, 131);
INSERT INTO `t_role_menu` VALUES (1, 132);
INSERT INTO `t_role_menu` VALUES (1, 133);
INSERT INTO `t_role_menu` VALUES (1, 134);
INSERT INTO `t_role_menu` VALUES (1, 136);
INSERT INTO `t_role_menu` VALUES (1, 137);
INSERT INTO `t_role_menu` VALUES (1, 138);
INSERT INTO `t_role_menu` VALUES (72, 1);
INSERT INTO `t_role_menu` VALUES (72, 3);
INSERT INTO `t_role_menu` VALUES (72, 4);
INSERT INTO `t_role_menu` VALUES (72, 5);
INSERT INTO `t_role_menu` VALUES (72, 6);
INSERT INTO `t_role_menu` VALUES (72, 64);
INSERT INTO `t_role_menu` VALUES (72, 2);
INSERT INTO `t_role_menu` VALUES (72, 8);
INSERT INTO `t_role_menu` VALUES (72, 10);
INSERT INTO `t_role_menu` VALUES (72, 113);
INSERT INTO `t_role_menu` VALUES (72, 121);
INSERT INTO `t_role_menu` VALUES (72, 122);
INSERT INTO `t_role_menu` VALUES (72, 124);
INSERT INTO `t_role_menu` VALUES (72, 123);
INSERT INTO `t_role_menu` VALUES (72, 127);
INSERT INTO `t_role_menu` VALUES (72, 101);
INSERT INTO `t_role_menu` VALUES (72, 102);
INSERT INTO `t_role_menu` VALUES (72, 109);
INSERT INTO `t_role_menu` VALUES (72, 58);
INSERT INTO `t_role_menu` VALUES (72, 59);
INSERT INTO `t_role_menu` VALUES (72, 61);
INSERT INTO `t_role_menu` VALUES (72, 81);
INSERT INTO `t_role_menu` VALUES (72, 82);
INSERT INTO `t_role_menu` VALUES (72, 83);
INSERT INTO `t_role_menu` VALUES (72, 128);
INSERT INTO `t_role_menu` VALUES (72, 129);
INSERT INTO `t_role_menu` VALUES (2, 3);
INSERT INTO `t_role_menu` VALUES (2, 1);
INSERT INTO `t_role_menu` VALUES (2, 4);
INSERT INTO `t_role_menu` VALUES (2, 5);
INSERT INTO `t_role_menu` VALUES (2, 6);
INSERT INTO `t_role_menu` VALUES (2, 64);
INSERT INTO `t_role_menu` VALUES (2, 2);
INSERT INTO `t_role_menu` VALUES (2, 8);
INSERT INTO `t_role_menu` VALUES (2, 10);
INSERT INTO `t_role_menu` VALUES (2, 113);
INSERT INTO `t_role_menu` VALUES (2, 121);
INSERT INTO `t_role_menu` VALUES (2, 122);
INSERT INTO `t_role_menu` VALUES (2, 124);
INSERT INTO `t_role_menu` VALUES (2, 123);
INSERT INTO `t_role_menu` VALUES (2, 125);
INSERT INTO `t_role_menu` VALUES (2, 101);
INSERT INTO `t_role_menu` VALUES (2, 102);
INSERT INTO `t_role_menu` VALUES (2, 109);
INSERT INTO `t_role_menu` VALUES (2, 58);
INSERT INTO `t_role_menu` VALUES (2, 59);
INSERT INTO `t_role_menu` VALUES (2, 61);
INSERT INTO `t_role_menu` VALUES (2, 81);
INSERT INTO `t_role_menu` VALUES (2, 82);
INSERT INTO `t_role_menu` VALUES (2, 83);
INSERT INTO `t_role_menu` VALUES (2, 127);
INSERT INTO `t_role_menu` VALUES (2, 128);
INSERT INTO `t_role_menu` VALUES (2, 129);
INSERT INTO `t_role_menu` VALUES (2, 130);
INSERT INTO `t_role_menu` VALUES (2, 14);
INSERT INTO `t_role_menu` VALUES (2, 17);
INSERT INTO `t_role_menu` VALUES (2, 132);
INSERT INTO `t_role_menu` VALUES (2, 20);
INSERT INTO `t_role_menu` VALUES (2, 133);
INSERT INTO `t_role_menu` VALUES (2, 65);
INSERT INTO `t_role_menu` VALUES (2, 134);
INSERT INTO `t_role_menu` VALUES (2, 136);
INSERT INTO `t_role_menu` VALUES (2, 103);
INSERT INTO `t_role_menu` VALUES (2, 137);
INSERT INTO `t_role_menu` VALUES (2, 138);
INSERT INTO `t_role_menu` VALUES (2, 131);
INSERT INTO `t_role_menu` VALUES (76, 141);
INSERT INTO `t_role_menu` VALUES (76, 154);
INSERT INTO `t_role_menu` VALUES (76, 155);
INSERT INTO `t_role_menu` VALUES (76, 157);
INSERT INTO `t_role_menu` VALUES (74, 140);
INSERT INTO `t_role_menu` VALUES (74, 152);
INSERT INTO `t_role_menu` VALUES (74, 153);
INSERT INTO `t_role_menu` VALUES (75, 139);
INSERT INTO `t_role_menu` VALUES (75, 142);
INSERT INTO `t_role_menu` VALUES (75, 143);
INSERT INTO `t_role_menu` VALUES (75, 144);
INSERT INTO `t_role_menu` VALUES (75, 145);
INSERT INTO `t_role_menu` VALUES (75, 146);
INSERT INTO `t_role_menu` VALUES (75, 147);
INSERT INTO `t_role_menu` VALUES (75, 148);
INSERT INTO `t_role_menu` VALUES (75, 150);
INSERT INTO `t_role_menu` VALUES (75, 149);
INSERT INTO `t_role_menu` VALUES (75, 156);
INSERT INTO `t_role_menu` VALUES (75, 159);
INSERT INTO `t_role_menu` VALUES (75, 160);
INSERT INTO `t_role_menu` VALUES (75, 161);
INSERT INTO `t_role_menu` VALUES (75, 158);

-- ----------------------------
-- Table structure for t_test
-- ----------------------------
DROP TABLE IF EXISTS `t_test`;
CREATE TABLE `t_test`  (
  `FIELD1` varchar(20) CHARACTER SET utf8 COLLATE utf8_general_ci NOT NULL,
  `FIELD2` int(0) NOT NULL,
  `FIELD3` varchar(100) CHARACTER SET utf8 COLLATE utf8_general_ci NOT NULL,
  `CREATE_TIME` datetime(0) NOT NULL
) ENGINE = InnoDB CHARACTER SET = utf8 COLLATE = utf8_general_ci ROW_FORMAT = Dynamic;

-- ----------------------------
-- Records of t_test
-- ----------------------------
INSERT INTO `t_test` VALUES ('字段1', 1, 'mrbird@gmail.com', '2019-01-22 16:26:51');
INSERT INTO `t_test` VALUES ('字段1', 1, 'mrbird0@gmail.com', '2019-01-23 03:01:03');
INSERT INTO `t_test` VALUES ('字段1', 2, 'mrbird1@gmail.com', '2019-01-23 03:01:03');
INSERT INTO `t_test` VALUES ('字段1', 3, 'mrbird2@gmail.com', '2019-01-23 03:01:03');
INSERT INTO `t_test` VALUES ('字段1', 4, 'mrbird3@gmail.com', '2019-01-23 03:01:03');
INSERT INTO `t_test` VALUES ('字段1', 5, 'mrbird4@gmail.com', '2019-01-23 03:01:03');
INSERT INTO `t_test` VALUES ('字段1', 10, 'mrbird9@gmail.com', '2019-01-23 03:01:03');
INSERT INTO `t_test` VALUES ('字段1', 1, 'mrbird0@gmail.com', '2019-01-23 03:03:49');
INSERT INTO `t_test` VALUES ('字段1', 2, 'mrbird1@gmail.com', '2019-01-23 03:03:49');
INSERT INTO `t_test` VALUES ('字段1', 3, 'mrbird2@gmail.com', '2019-01-23 03:03:49');
INSERT INTO `t_test` VALUES ('字段1', 4, 'mrbird3@gmail.com', '2019-01-23 03:03:49');
INSERT INTO `t_test` VALUES ('字段1', 5, 'mrbird4@gmail.com', '2019-01-23 03:03:49');
INSERT INTO `t_test` VALUES ('字段1', 10, 'mrbird9@gmail.com', '2019-01-23 03:03:49');
INSERT INTO `t_test` VALUES ('字段1', 1, 'mrbird0@gmail.com', '2019-01-23 03:07:47');
INSERT INTO `t_test` VALUES ('字段1', 2, 'mrbird1@gmail.com', '2019-01-23 03:07:47');
INSERT INTO `t_test` VALUES ('字段1', 3, 'mrbird2@gmail.com', '2019-01-23 03:07:47');
INSERT INTO `t_test` VALUES ('字段1', 4, 'mrbird3@gmail.com', '2019-01-23 03:07:47');
INSERT INTO `t_test` VALUES ('字段1', 5, 'mrbird4@gmail.com', '2019-01-23 03:07:47');
INSERT INTO `t_test` VALUES ('字段1', 6, 'mrbird5@gmail.com', '2019-01-23 03:07:47');
INSERT INTO `t_test` VALUES ('字段1', 1, 'mrbird0@gmail.com', '2019-01-23 03:08:09');
INSERT INTO `t_test` VALUES ('字段1', 2, 'mrbird1@gmail.com', '2019-01-23 03:08:09');
INSERT INTO `t_test` VALUES ('字段1', 3, 'mrbird2@gmail.com', '2019-01-23 03:08:09');
INSERT INTO `t_test` VALUES ('字段1', 4, 'mrbird3@gmail.com', '2019-01-23 03:08:09');
INSERT INTO `t_test` VALUES ('字段1', 5, 'mrbird4@gmail.com', '2019-01-23 03:08:09');
INSERT INTO `t_test` VALUES ('字段1', 10, 'mrbird9@gmail.com', '2019-01-23 03:08:09');
INSERT INTO `t_test` VALUES ('字段1', 1, 'mrbird0@gmail.com', '2019-01-23 03:19:52');
INSERT INTO `t_test` VALUES ('字段1', 2, 'mrbird1@gmail.com', '2019-01-23 03:19:52');
INSERT INTO `t_test` VALUES ('字段1', 3, 'mrbird2@gmail.com', '2019-01-23 03:19:52');
INSERT INTO `t_test` VALUES ('字段1', 4, 'mrbird3@gmail.com', '2019-01-23 03:19:52');
INSERT INTO `t_test` VALUES ('字段1', 5, 'mrbird4@gmail.com', '2019-01-23 03:19:52');
INSERT INTO `t_test` VALUES ('字段1', 6, 'mrbird5@gmail.com', '2019-01-23 03:19:52');
INSERT INTO `t_test` VALUES ('字段1', 1, 'mrbird0@gmail.com', '2019-01-23 03:20:56');
INSERT INTO `t_test` VALUES ('字段1', 2, 'mrbird1@gmail.com', '2019-01-23 03:20:56');
INSERT INTO `t_test` VALUES ('字段1', 3, 'mrbird2@gmail.com', '2019-01-23 03:20:56');
INSERT INTO `t_test` VALUES ('字段1', 4, 'mrbird3@gmail.com', '2019-01-23 03:20:56');
INSERT INTO `t_test` VALUES ('字段1', 5, 'mrbird4@gmail.com', '2019-01-23 03:20:56');
INSERT INTO `t_test` VALUES ('字段1', 6, 'mrbird5@gmail.com', '2019-01-23 03:20:56');
INSERT INTO `t_test` VALUES ('字段1', 1, 'mrbird0@gmail.com', '2019-01-23 06:12:38');
INSERT INTO `t_test` VALUES ('字段1', 2, 'mrbird1@gmail.com', '2019-01-23 06:12:38');
INSERT INTO `t_test` VALUES ('字段1', 3, 'mrbird2@gmail.com', '2019-01-23 06:12:38');
INSERT INTO `t_test` VALUES ('字段1', 4, 'mrbird3@gmail.com', '2019-01-23 06:12:38');
INSERT INTO `t_test` VALUES ('字段1', 5, 'mrbird4@gmail.com', '2019-01-23 06:12:38');
INSERT INTO `t_test` VALUES ('字段1', 6, 'mrbird5@gmail.com', '2019-01-23 06:12:38');
INSERT INTO `t_test` VALUES ('字段1', 7, 'mrbird6@gmail.com', '2019-01-23 06:12:38');
INSERT INTO `t_test` VALUES ('字段1', 8, 'mrbird7@gmail.com', '2019-01-23 06:12:38');
INSERT INTO `t_test` VALUES ('字段1', 9, 'mrbird8@gmail.com', '2019-01-23 06:12:38');
INSERT INTO `t_test` VALUES ('字段1', 11, 'mrbird10@gmail.com', '2019-01-23 06:12:38');
INSERT INTO `t_test` VALUES ('字段1', 12, 'mrbird11@gmail.com', '2019-01-23 06:12:38');
INSERT INTO `t_test` VALUES ('字段1', 14, 'mrbird13@gmail.com', '2019-01-23 06:12:38');
INSERT INTO `t_test` VALUES ('字段1', 15, 'mrbird14@gmail.com', '2019-01-23 06:12:38');
INSERT INTO `t_test` VALUES ('字段1', 16, 'mrbird15@gmail.com', '2019-01-23 06:12:38');
INSERT INTO `t_test` VALUES ('字段1', 18, 'mrbird17@gmail.com', '2019-01-23 06:12:38');
INSERT INTO `t_test` VALUES ('字段1', 19, 'mrbird18@gmail.com', '2019-01-23 06:12:38');
INSERT INTO `t_test` VALUES ('字段1', 20, 'mrbird19@gmail.com', '2019-01-23 06:12:38');

-- ----------------------------
-- Table structure for t_user
-- ----------------------------
DROP TABLE IF EXISTS `t_user`;
CREATE TABLE `t_user`  (
  `USER_ID` bigint(0) NOT NULL AUTO_INCREMENT COMMENT '用户ID',
  `USERNAME` varchar(50) CHARACTER SET utf8 COLLATE utf8_general_ci NOT NULL COMMENT '用户名',
  `PASSWORD` varchar(128) CHARACTER SET utf8 COLLATE utf8_general_ci NOT NULL COMMENT '密码',
  `DEPT_ID` bigint(0) NULL DEFAULT NULL COMMENT '部门ID',
  `EMAIL` varchar(128) CHARACTER SET utf8 COLLATE utf8_general_ci NULL DEFAULT NULL COMMENT '邮箱',
  `MOBILE` varchar(20) CHARACTER SET utf8 COLLATE utf8_general_ci NULL DEFAULT NULL COMMENT '联系电话',
  `STATUS` char(1) CHARACTER SET utf8 COLLATE utf8_general_ci NOT NULL COMMENT '状态 0锁定 1有效',
  `CREATE_TIME` datetime(0) NOT NULL COMMENT '创建时间',
  `MODIFY_TIME` datetime(0) NULL DEFAULT NULL COMMENT '修改时间',
  `LAST_LOGIN_TIME` datetime(0) NULL DEFAULT NULL COMMENT '最近访问时间',
  `SSEX` char(1) CHARACTER SET utf8 COLLATE utf8_general_ci NULL DEFAULT NULL COMMENT '性别 0男 1女 2保密',
  `DESCRIPTION` varchar(100) CHARACTER SET utf8 COLLATE utf8_general_ci NULL DEFAULT NULL COMMENT '描述',
  `AVATAR` varchar(100) CHARACTER SET utf8 COLLATE utf8_general_ci NULL DEFAULT NULL COMMENT '用户头像',
  PRIMARY KEY (`USER_ID`) USING BTREE
) ENGINE = InnoDB AUTO_INCREMENT = 15 CHARACTER SET = utf8 COLLATE = utf8_general_ci COMMENT = '用户' ROW_FORMAT = Dynamic;

-- ----------------------------
-- Records of t_user
-- ----------------------------
INSERT INTO `t_user` VALUES (1, 'mrbird', '94f860c4bbfeb2f49c84e321fdda4b07', 1, 'mrbird123@hotmail.com', '13455533233', '1', '2017-12-27 15:47:19', '2019-01-17 02:34:19', '2022-03-24 08:46:43', '2', '我是帅比作者。', 'ubnKSIfAJTxIgXOKlciN.png');
INSERT INTO `t_user` VALUES (2, 'scott', '7b44a5363e3fd52435beb472e1d2b91f', 6, 'scott@qq.com', '15134627380', '1', '2017-12-29 16:16:39', '2019-01-18 00:59:09', '2019-01-28 01:54:09', '0', '我是scott，嗯嗯', 'jZUIxmJycoymBprLOUbT.png');
INSERT INTO `t_user` VALUES (12, 'jack', '552649f10640385d0728a80a4242893e', 6, 'jack@hotmail.com', NULL, '1', '2019-01-23 07:34:05', '2019-01-24 03:08:01', '2019-01-24 08:52:03', '0', NULL, 'default.jpg');
INSERT INTO `t_user` VALUES (13, 'caigou', 'f4c466b824e1ffdbd38271d52e363a93', NULL, NULL, NULL, '1', '2022-03-20 21:06:30', NULL, '2022-03-23 16:48:54', '2', NULL, 'default.jpg');
INSERT INTO `t_user` VALUES (14, 'admin', '3ee4a28b103216fa2d140d1979297910', NULL, NULL, NULL, '1', '2022-03-20 21:06:41', NULL, '2022-03-28 21:34:16', '2', NULL, 'default.jpg');
INSERT INTO `t_user` VALUES (15, 'lisi', 'c1ba81890300985c8761acad4a9b260e', NULL, NULL, NULL, '1', '2022-03-22 22:04:19', NULL, '2022-03-24 10:37:33', '2', '注册用户', 'default.jpg');

-- ----------------------------
-- Table structure for t_user_config
-- ----------------------------
DROP TABLE IF EXISTS `t_user_config`;
CREATE TABLE `t_user_config`  (
  `USER_ID` bigint(0) NOT NULL COMMENT '用户ID',
  `THEME` varchar(10) CHARACTER SET utf8 COLLATE utf8_general_ci NULL DEFAULT NULL COMMENT '系统主题 dark暗色风格，light明亮风格',
  `LAYOUT` varchar(10) CHARACTER SET utf8 COLLATE utf8_general_ci NULL DEFAULT NULL COMMENT '系统布局 side侧边栏，head顶部栏',
  `MULTI_PAGE` char(1) CHARACTER SET utf8 COLLATE utf8_general_ci NULL DEFAULT NULL COMMENT '页面风格 1多标签页 0单页',
  `FIX_SIDERBAR` char(1) CHARACTER SET utf8 COLLATE utf8_general_ci NULL DEFAULT NULL COMMENT '页面滚动是否固定侧边栏 1固定 0不固定',
  `FIX_HEADER` char(1) CHARACTER SET utf8 COLLATE utf8_general_ci NULL DEFAULT NULL COMMENT '页面滚动是否固定顶栏 1固定 0不固定',
  `COLOR` varchar(20) CHARACTER SET utf8 COLLATE utf8_general_ci NULL DEFAULT NULL COMMENT '主题颜色 RGB值',
  PRIMARY KEY (`USER_ID`) USING BTREE
) ENGINE = InnoDB CHARACTER SET = utf8 COLLATE = utf8_general_ci ROW_FORMAT = Dynamic;

-- ----------------------------
-- Records of t_user_config
-- ----------------------------
INSERT INTO `t_user_config` VALUES (1, 'light', 'side', '1', '1', '1', 'rgb(24, 144, 255)');
INSERT INTO `t_user_config` VALUES (2, 'light', 'head', '0', '1', '1', 'rgb(24, 144, 255)');
INSERT INTO `t_user_config` VALUES (12, 'dark', 'side', '1', '1', '1', 'rgb(66, 185, 131)');
INSERT INTO `t_user_config` VALUES (13, 'light', 'head', '0', '1', '1', 'rgb(66, 185, 131)');
INSERT INTO `t_user_config` VALUES (14, 'light', 'head', '0', '1', '1', 'rgb(66, 185, 131)');
INSERT INTO `t_user_config` VALUES (15, 'light', 'head', '0', '1', '1', 'rgb(66, 185, 131)');

-- ----------------------------
-- Table structure for t_user_role
-- ----------------------------
DROP TABLE IF EXISTS `t_user_role`;
CREATE TABLE `t_user_role`  (
  `USER_ID` bigint(0) NOT NULL COMMENT '用户ID',
  `ROLE_ID` bigint(0) NOT NULL COMMENT '角色ID'
) ENGINE = InnoDB CHARACTER SET = utf8 COLLATE = utf8_general_ci COMMENT = '用户角色' ROW_FORMAT = Dynamic;

-- ----------------------------
-- Records of t_user_role
-- ----------------------------
INSERT INTO `t_user_role` VALUES (1, 1);
INSERT INTO `t_user_role` VALUES (2, 2);
INSERT INTO `t_user_role` VALUES (12, 72);
INSERT INTO `t_user_role` VALUES (13, 76);
INSERT INTO `t_user_role` VALUES (14, 75);
INSERT INTO `t_user_role` VALUES (15, 74);

SET FOREIGN_KEY_CHECKS = 1;
